{
	"credit": "Made with Blockbench",
	"textures": {
		"2": "block/twisting_vines_plant",
		"particle": "twisting_vines_plant"
	},
	"elements": [
		{
			"name": "twisting_vines_plant_0",
			"from": [4, 15, 7],
			"to": [5, 16, 9],
			"rotation": {"angle": 0, "axis": "y", "origin": [0, 0, 7]},
			"faces": {
				"north": {"uv": [5, 0, 4, 1], "texture": "#2"},
				"east": {"uv": [8, 0, 9, 1], "texture": "#2"},
				"south": {"uv": [4, 0, 5, 1], "texture": "#2"},
				"west": {"uv": [4, 0, 5, 1], "texture": "#2"},
				"up": {"uv": [4, 0, 5, 1], "texture": "#2"},
				"down": {"uv": [4, 0, 5, 1], "texture": "#2"}
			}
		},
		{
			"name": "twisting_vines_plant_1",
			"from": [5, 15, 6],
			"to": [7, 16, 7],
			"rotation": {"angle": 0, "axis": "y", "origin": [0, 0, 7]},
			"faces": {
				"north": {"uv": [7, 0, 5, 1], "texture": "#2"},
				"east": {"uv": [8.75, 0, 9, 1], "texture": "#2"},
				"south": {"uv": [5, 0, 7, 1], "texture": "#2"},
				"west": {"uv": [4, 0, 4.25, 1], "texture": "#2"},
				"up": {"uv": [5, 0, 7, 0.25], "texture": "#2"},
				"down": {"uv": [5, 0.75, 7, 1], "texture": "#2"}
			}
		},
		{
			"name": "twisting_vines_plant_2",
			"from": [7, 15, 7],
			"to": [8, 16, 7],
			"rotation": {"angle": 0, "axis": "y", "origin": [0, 0, 7]},
			"faces": {
				"north": {"uv": [8, 0, 7, 1], "texture": "#2"},
				"east": {"uv": [8.75, 0, 9, 1], "texture": "#2"},
				"south": {"uv": [7, 0, 8, 1], "texture": "#2"},
				"west": {"uv": [4, 0, 4.25, 1], "texture": "#2"},
				"up": {"uv": [7, 0, 8, 0.25], "texture": "#2"},
				"down": {"uv": [7, 0.75, 8, 1], "texture": "#2"}
			}
		},
		{
			"name": "twisting_vines_plant_3",
			"from": [7, 16, 7],
			"to": [8, 16, 7],
			"rotation": {"angle": 0, "axis": "y", "origin": [0, 0, 7]},
			"faces": {
				"north": {"uv": [8, 0, 7, 0], "texture": "#2"},
				"east": {"uv": [8.75, 0, 9, 0], "texture": "#2"},
				"south": {"uv": [7, 0, 8, 0], "texture": "#2"},
				"west": {"uv": [4, 0, 4.25, 0], "texture": "#2"},
				"up": {"uv": [7, 0, 8, 0.25], "texture": "#2"},
				"down": {"uv": [7, 0.75, 8, 1], "texture": "#2"}
			}
		},
		{
			"name": "twisting_vines_plant_2",
			"from": [5, 15, 7],
			"to": [6, 16, 9],
			"rotation": {"angle": 0, "axis": "y", "origin": [0, 0, 7]},
			"faces": {
				"north": {"uv": [6, 0.5, 5, 1], "texture": "#2"},
				"east": {"uv": [8.25, 0.5, 8.75, 1], "texture": "#2"},
				"south": {"uv": [5, 0.5, 6, 1], "texture": "#2"},
				"west": {"uv": [4.25, 0.5, 4.75, 1], "texture": "#2"},
				"up": {"uv": [5, 0.25, 6, 0.75], "texture": "#2"},
				"down": {"uv": [5, 0.25, 6, 0.75], "texture": "#2"}
			}
		},
		{
			"name": "twisting_vines_plant_3",
			"from": [5, 16, 6],
			"to": [7, 17, 10],
			"rotation": {"angle": 0, "axis": "y", "origin": [0, 0, 7]},
			"faces": {
				"north": {"uv": [6, 0, 5, 0.5], "texture": "#2"},
				"east": {"uv": [8.25, 0, 8.75, 0.5], "texture": "#2"},
				"south": {"uv": [5, 0, 6, 0.5], "texture": "#2"},
				"west": {"uv": [4.25, 0, 4.75, 0.5], "texture": "#2"},
				"up": {"uv": [5, 0.25, 6, 0.75], "texture": "#2"},
				"down": {"uv": [5, 0.25, 6, 0.75], "texture": "#2"}
			}
		},
		{
			"name": "twisting_vines_plant_3",
			"from": [6, 15, 7],
			"to": [8, 16, 9],
			"rotation": {"angle": 0, "axis": "y", "origin": [0, 0, 7]},
			"faces": {
				"north": {"uv": [8, 0, 6, 1], "texture": "#2"},
				"east": {"uv": [8.25, 0, 8.75, 1], "texture": "#2"},
				"south": {"uv": [6, 0, 8, 1], "texture": "#2"},
				"west": {"uv": [4.25, 0, 4.75, 1], "texture": "#2"},
				"up": {"uv": [6, 0.25, 8, 0.75], "texture": "#2"},
				"down": {"uv": [6, 0.25, 8, 0.75], "texture": "#2"}
			}
		},
		{
			"name": "twisting_vines_plant_3",
			"from": [5, 15, 9],
			"to": [7, 16, 10],
			"rotation": {"angle": 0, "axis": "y", "origin": [0, 0, 7]},
			"faces": {
				"north": {"uv": [7, 0, 5, 1], "texture": "#2"},
				"east": {"uv": [8, 0, 8.25, 1], "texture": "#2"},
				"south": {"uv": [5, 0, 7, 1], "texture": "#2"},
				"west": {"uv": [4.75, 0, 5, 1], "texture": "#2"},
				"up": {"uv": [5, 0.75, 7, 1], "texture": "#2"},
				"down": {"uv": [5, 0, 7, 0.25], "texture": "#2"}
			}
		},
		{
			"name": "twisting_vines_plant_2",
			"from": [8, 15, 7],
			"to": [9, 16, 9],
			"rotation": {"angle": 0, "axis": "y", "origin": [0, 0, 7]},
			"faces": {
				"north": {"uv": [9, 0, 8, 1], "texture": "#2"},
				"east": {"uv": [8, 0, 9, 1], "texture": "#2"},
				"south": {"uv": [8, 0, 9, 1], "texture": "#2"},
				"west": {"uv": [4, 0, 5, 1], "texture": "#2"},
				"up": {"uv": [8, 0, 9, 1], "texture": "#2"},
				"down": {"uv": [8, 0, 9, 1], "texture": "#2"}
			}
		},
		{
			"name": "twisting_vines_plant_1",
			"from": [5, 13, 7],
			"to": [6, 15, 9],
			"rotation": {"angle": 0, "axis": "y", "origin": [0, 0, 7]},
			"faces": {
				"north": {"uv": [6, 1, 5, 3], "texture": "#2"},
				"east": {"uv": [8, 1, 9, 3], "texture": "#2"},
				"south": {"uv": [5, 1, 5.75, 3], "texture": "#2"},
				"west": {"uv": [5, 1, 6, 3], "texture": "#2"},
				"up": {"uv": [5, 1, 6, 2], "texture": "#2"},
				"down": {"uv": [5, 2, 6, 3], "texture": "#2"}
			}
		},
		{
			"name": "twisting_vines_plant_2",
			"from": [6, 13, 6],
			"to": [8, 14, 10],
			"rotation": {"angle": 0, "axis": "y", "origin": [0, 0, 7]},
			"faces": {
				"north": {"uv": [8, 2, 6, 3], "texture": "#2"},
				"east": {"uv": [8, 2, 9, 3], "texture": "#2"},
				"south": {"uv": [5.75, 2, 7.25, 3], "texture": "#2"},
				"west": {"uv": [5, 2, 6, 3], "texture": "#2"},
				"up": {"uv": [6, 1, 8, 2], "texture": "#2"},
				"down": {"uv": [6, 2, 8, 3], "texture": "#2"}
			}
		},
		{
			"name": "twisting_vines_plant_3",
			"from": [6, 14, 6],
			"to": [8, 15, 10],
			"rotation": {"angle": 0, "axis": "y", "origin": [0, 0, 7]},
			"faces": {
				"north": {"uv": [8, 1, 6, 2], "texture": "#2"},
				"east": {"uv": [8, 1, 9, 2], "texture": "#2"},
				"south": {"uv": [5.75, 1, 7.25, 2], "texture": "#2"},
				"west": {"uv": [5, 1, 6, 2], "texture": "#2"},
				"up": {"uv": [6, 1, 8, 2], "texture": "#2"},
				"down": {"uv": [6, 2, 8, 3], "texture": "#2"}
			}
		},
		{
			"name": "twisting_vines_plant_4",
			"from": [7, 15, 9],
			"to": [8, 15, 10],
			"rotation": {"angle": 0, "axis": "y", "origin": [0, 0, 7]},
			"faces": {
				"north": {"uv": [8, 1, 7, 1], "texture": "#2"},
				"east": {"uv": [8, 1, 8.25, 1], "texture": "#2"},
				"south": {"uv": [7, 1, 8, 1], "texture": "#2"},
				"west": {"uv": [4.75, 1, 5, 1], "texture": "#2"},
				"up": {"uv": [7, 0.75, 8, 1], "texture": "#2"},
				"down": {"uv": [7, 0, 8, 0.25], "texture": "#2"}
			}
		},
		{
			"name": "twisting_vines_plant_5",
			"from": [7, 15, 9],
			"to": [8, 16, 9],
			"rotation": {"angle": 0, "axis": "y", "origin": [0, 0, 7]},
			"faces": {
				"north": {"uv": [8, 0, 7, 1], "texture": "#2"},
				"east": {"uv": [8, 0, 8.25, 1], "texture": "#2"},
				"south": {"uv": [7, 0, 8, 1], "texture": "#2"},
				"west": {"uv": [4.75, 0, 5, 1], "texture": "#2"},
				"up": {"uv": [7, 0.75, 8, 1], "texture": "#2"},
				"down": {"uv": [7, 0, 8, 0.25], "texture": "#2"}
			}
		},
		{
			"name": "twisting_vines_plant_4",
			"from": [6, 15, 6],
			"to": [8, 15, 10],
			"rotation": {"angle": 0, "axis": "y", "origin": [0, 0, 7]},
			"faces": {
				"north": {"uv": [8, 1, 6, 1], "texture": "#2"},
				"east": {"uv": [8, 1, 9, 1], "texture": "#2"},
				"south": {"uv": [5.75, 1, 7.25, 1], "texture": "#2"},
				"west": {"uv": [5, 1, 6, 1], "texture": "#2"},
				"up": {"uv": [6, 1, 8, 2], "texture": "#2"},
				"down": {"uv": [6, 2, 8, 3], "texture": "#2"}
			}
		},
		{
			"name": "twisting_vines_plant_3",
			"from": [8, 13, 6],
			"to": [9, 14, 10],
			"rotation": {"angle": 0, "axis": "y", "origin": [0, 0, 7]},
			"faces": {
				"north": {"uv": [9, 2, 8, 3], "texture": "#2"},
				"east": {"uv": [8, 2, 9, 3], "texture": "#2"},
				"south": {"uv": [7.25, 2, 8, 3], "texture": "#2"},
				"west": {"uv": [5, 2, 6, 3], "texture": "#2"},
				"up": {"uv": [8, 1, 9, 2], "texture": "#2"},
				"down": {"uv": [8, 2, 9, 3], "texture": "#2"}
			}
		},
		{
			"name": "twisting_vines_plant_2",
			"from": [10, 13, 7],
			"to": [12, 15, 9],
			"rotation": {"angle": 0, "axis": "y", "origin": [0, 0, 7]},
			"faces": {
				"north": {"uv": [12, 1, 10, 3], "texture": "#2"},
				"east": {"uv": [11, 1, 12, 3], "texture": "#2"},
				"south": {"uv": [10, 1, 12, 3], "texture": "#2"},
				"west": {"uv": [10, 1, 11, 3], "texture": "#2"},
				"up": {"uv": [10, 1, 12, 2], "texture": "#2"},
				"down": {"uv": [10, 2, 12, 3], "texture": "#2"}
			}
		},
		{
			"name": "twisting_vines_plant_3",
			"from": [9, 3, 7],
			"to": [10, 3, 9],
			"rotation": {"angle": 0, "axis": "y", "origin": [0, 0, 7]},
			"faces": {
				"north": {"uv": [10, 13, 9, 13], "texture": "#2"},
				"east": {"uv": [9, 13, 10, 13], "texture": "#2"},
				"south": {"uv": [9, 13, 10, 13], "texture": "#2"},
				"west": {"uv": [9, 13, 10, 13], "texture": "#2"},
				"up": {"uv": [9, 2, 10, 3], "texture": "#2"},
				"down": {"uv": [9, 12, 10, 13], "texture": "#2"}
			}
		},
		{
			"name": "twisting_vines_plant_4",
			"from": [9, 8, 6],
			"to": [10, 10, 10],
			"rotation": {"angle": 0, "axis": "y", "origin": [0, 0, 7]},
			"faces": {
				"north": {"uv": [10, 6, 9, 8], "texture": "#2"},
				"east": {"uv": [9, 6, 10, 8], "texture": "#2"},
				"south": {"uv": [9, 6, 10, 8], "texture": "#2"},
				"west": {"uv": [9, 6, 10, 8], "texture": "#2"},
				"up": {"uv": [9, 2, 10, 3], "texture": "#2"},
				"down": {"uv": [9, 12, 10, 13], "texture": "#2"}
			}
		},
		{
			"name": "twisting_vines_plant_4",
			"from": [9, 10, 6],
			"to": [10, 12, 10],
			"rotation": {"angle": 0, "axis": "y", "origin": [0, 0, 7]},
			"faces": {
				"north": {"uv": [10, 4, 9, 6], "texture": "#2"},
				"east": {"uv": [9, 4, 10, 6], "texture": "#2"},
				"south": {"uv": [9, 4, 10, 6], "texture": "#2"},
				"west": {"uv": [9, 4, 10, 6], "texture": "#2"},
				"up": {"uv": [9, 2, 10, 3], "texture": "#2"},
				"down": {"uv": [9, 12, 10, 13], "texture": "#2"}
			}
		},
		{
			"name": "twisting_vines_plant_4",
			"from": [8, 14, 7],
			"to": [9, 14, 9],
			"rotation": {"angle": 0, "axis": "y", "origin": [0, 0, 7]},
			"faces": {
				"north": {"uv": [9, 2, 8, 2], "texture": "#2"},
				"east": {"uv": [8, 2, 9, 2], "texture": "#2"},
				"south": {"uv": [7.25, 2, 8, 2], "texture": "#2"},
				"west": {"uv": [5, 2, 6, 2], "texture": "#2"},
				"up": {"uv": [8, 1, 9, 2], "texture": "#2"},
				"down": {"uv": [8, 2, 9, 3], "texture": "#2"}
			}
		},
		{
			"name": "twisting_vines_plant_5",
			"from": [8, 14, 7],
			"to": [9, 15, 9],
			"rotation": {"angle": 0, "axis": "y", "origin": [0, 0, 7]},
			"faces": {
				"north": {"uv": [9, 1, 8, 2], "texture": "#2"},
				"east": {"uv": [8, 1, 9, 2], "texture": "#2"},
				"south": {"uv": [7.25, 1, 8, 2], "texture": "#2"},
				"west": {"uv": [5, 1, 6, 2], "texture": "#2"},
				"up": {"uv": [8, 1, 9, 2], "texture": "#2"},
				"down": {"uv": [8, 2, 9, 3], "texture": "#2"}
			}
		},
		{
			"name": "twisting_vines_plant_4",
			"from": [12, 13, 6],
			"to": [13, 14, 10],
			"rotation": {"angle": 0, "axis": "y", "origin": [0, 0, 7]},
			"faces": {
				"north": {"uv": [13, 2, 12, 3], "texture": "#2"},
				"east": {"uv": [12, 2, 13, 3], "texture": "#2"},
				"south": {"uv": [12, 2, 13, 3], "texture": "#2"},
				"west": {"uv": [12, 2, 13, 3], "texture": "#2"},
				"up": {"uv": [12, 2, 13, 3], "texture": "#2"},
				"down": {"uv": [12, 2, 13, 3], "texture": "#2"}
			}
		},
		{
			"name": "twisting_vines_plant_5",
			"from": [6, 10, 7],
			"to": [7, 12, 9],
			"rotation": {"angle": 0, "axis": "y", "origin": [0, 0, 7]},
			"faces": {
				"north": {"uv": [7, 4, 6, 6], "texture": "#2"},
				"east": {"uv": [8, 4, 9, 6], "texture": "#2"},
				"south": {"uv": [6, 4, 7, 6], "texture": "#2"},
				"west": {"uv": [6, 4, 7, 6], "texture": "#2"},
				"up": {"uv": [6, 3, 7, 4], "texture": "#2"},
				"down": {"uv": [6, 5, 7, 6], "texture": "#2"}
			}
		},
		{
			"name": "twisting_vines_plant_6",
			"from": [6, 12, 7],
			"to": [7, 13, 8],
			"rotation": {"angle": 0, "axis": "y", "origin": [0, 0, 7]},
			"faces": {
				"north": {"uv": [7, 3, 6, 4], "texture": "#2"},
				"east": {"uv": [8.5, 3, 9, 4], "texture": "#2"},
				"south": {"uv": [6, 3, 7, 4], "texture": "#2"},
				"west": {"uv": [6, 3, 6.5, 4], "texture": "#2"},
				"up": {"uv": [6, 3, 7, 3.5], "texture": "#2"},
				"down": {"uv": [6, 5.5, 7, 6], "texture": "#2"}
			}
		},
		{
			"name": "twisting_vines_plant_6",
			"from": [5, 12, 7],
			"to": [6, 13, 9],
			"rotation": {"angle": 0, "axis": "y", "origin": [-1, 0, 7]},
			"faces": {
				"north": {"uv": [7, 3, 6, 4], "texture": "#2"},
				"east": {"uv": [8, 3, 9, 4], "texture": "#2"},
				"south": {"uv": [6, 3, 7, 4], "texture": "#2"},
				"west": {"uv": [6, 3, 7, 4], "texture": "#2"},
				"up": {"uv": [6, 3, 7, 4], "texture": "#2"},
				"down": {"uv": [6, 5, 7, 6], "texture": "#2"}
			}
		},
		{
			"name": "twisting_vines_plant_7",
			"from": [6, 12, 8],
			"to": [7, 13, 9],
			"rotation": {"angle": 0, "axis": "y", "origin": [0, 0, 7]},
			"faces": {
				"north": {"uv": [7, 3, 6, 4], "texture": "#2"},
				"east": {"uv": [8, 3, 8.5, 4], "texture": "#2"},
				"south": {"uv": [6, 3, 7, 4], "texture": "#2"},
				"west": {"uv": [6.5, 3, 7, 4], "texture": "#2"},
				"up": {"uv": [6, 3.5, 7, 4], "texture": "#2"},
				"down": {"uv": [6, 5, 7, 5.5], "texture": "#2"}
			}
		},
		{
			"name": "twisting_vines_plant_6",
			"from": [7, 10, 7],
			"to": [8, 11, 9],
			"rotation": {"angle": 0, "axis": "y", "origin": [0, 0, 7]},
			"faces": {
				"north": {"uv": [8, 5, 7, 6], "texture": "#2"},
				"east": {"uv": [8, 5, 9, 6], "texture": "#2"},
				"south": {"uv": [7, 5, 8, 6], "texture": "#2"},
				"west": {"uv": [6, 5, 7, 6], "texture": "#2"},
				"up": {"uv": [7, 3, 8, 4], "texture": "#2"},
				"down": {"uv": [7, 5, 8, 6], "texture": "#2"}
			}
		},
		{
			"name": "twisting_vines_plant_7",
			"from": [8, 10, 6],
			"to": [9, 11, 10],
			"rotation": {"angle": 0, "axis": "y", "origin": [0, 0, 7]},
			"faces": {
				"north": {"uv": [9, 5, 8, 6], "texture": "#2"},
				"east": {"uv": [8, 5, 9, 6], "texture": "#2"},
				"south": {"uv": [8, 5, 9, 6], "texture": "#2"},
				"west": {"uv": [6, 5, 7, 6], "texture": "#2"},
				"up": {"uv": [8, 3, 9, 4], "texture": "#2"},
				"down": {"uv": [8, 5, 9, 6], "texture": "#2"}
			}
		},
		{
			"name": "twisting_vines_plant_7",
			"from": [7, 11, 6],
			"to": [9, 13, 7],
			"rotation": {"angle": 0, "axis": "y", "origin": [0, 0, 7]},
			"faces": {
				"north": {"uv": [9, 3, 7, 5], "texture": "#2"},
				"east": {"uv": [8.75, 3, 9, 5], "texture": "#2"},
				"south": {"uv": [7, 3, 9, 5], "texture": "#2"},
				"west": {"uv": [6, 3, 6.25, 5], "texture": "#2"},
				"up": {"uv": [7, 3, 9, 3.25], "texture": "#2"},
				"down": {"uv": [7, 5.75, 9, 6], "texture": "#2"}
			}
		},
		{
			"name": "twisting_vines_plant_8",
			"from": [7, 11, 7],
			"to": [9, 13, 10],
			"rotation": {"angle": 0, "axis": "y", "origin": [0, 0, 7]},
			"faces": {
				"north": {"uv": [9, 3, 7, 5], "texture": "#2"},
				"east": {"uv": [8, 3, 8.75, 5], "texture": "#2"},
				"south": {"uv": [7, 3, 9, 5], "texture": "#2"},
				"west": {"uv": [6.25, 3, 7, 5], "texture": "#2"},
				"up": {"uv": [7, 3.25, 9, 4], "texture": "#2"},
				"down": {"uv": [7, 5, 9, 5.75], "texture": "#2"}
			}
		},
		{
			"name": "twisting_vines_plant_6",
			"from": [10, 5, 7],
			"to": [11, 8, 9],
			"rotation": {"angle": 0, "axis": "y", "origin": [0, 0, 7]},
			"faces": {
				"north": {"uv": [11, 8, 10, 11], "texture": "#2"},
				"east": {"uv": [10, 8, 11, 11], "texture": "#2"},
				"south": {"uv": [10, 8, 11, 11], "texture": "#2"},
				"west": {"uv": [10, 8, 11, 11], "texture": "#2"},
				"up": {"uv": [10, 3, 11, 4], "texture": "#2"},
				"down": {"uv": [10, 10, 11, 11], "texture": "#2"}
			}
		},
		{
			"name": "twisting_vines_plant_7",
			"from": [10, 8, 7],
			"to": [10, 9, 9],
			"rotation": {"angle": 0, "axis": "y", "origin": [0, 0, 7]},
			"faces": {
				"north": {"uv": [10, 7, 10, 8], "texture": "#2"},
				"east": {"uv": [10, 7, 11, 8], "texture": "#2"},
				"south": {"uv": [10, 7, 10, 8], "texture": "#2"},
				"west": {"uv": [10, 7, 11, 8], "texture": "#2"},
				"up": {"uv": [10, 3, 10, 4], "texture": "#2"},
				"down": {"uv": [10, 10, 10, 11], "texture": "#2"}
			}
		},
		{
			"name": "twisting_vines_plant_8",
			"from": [10, 8, 7],
			"to": [11, 9, 9],
			"rotation": {"angle": 0, "axis": "y", "origin": [0, 0, 7]},
			"faces": {
				"north": {"uv": [11, 7, 10, 8], "texture": "#2"},
				"east": {"uv": [10, 7, 11, 8], "texture": "#2"},
				"south": {"uv": [10, 7, 11, 8], "texture": "#2"},
				"west": {"uv": [10, 7, 11, 8], "texture": "#2"},
				"up": {"uv": [10, 3, 11, 4], "texture": "#2"},
				"down": {"uv": [10, 10, 11, 11], "texture": "#2"}
			}
		},
		{
			"name": "twisting_vines_plant_8",
			"from": [10, 9, 6],
			"to": [11, 11, 10],
			"rotation": {"angle": 0, "axis": "y", "origin": [0, 0, 7]},
			"faces": {
				"north": {"uv": [11, 5, 10, 7], "texture": "#2"},
				"east": {"uv": [10, 5, 11, 7], "texture": "#2"},
				"south": {"uv": [10, 5, 11, 7], "texture": "#2"},
				"west": {"uv": [10, 5, 11, 7], "texture": "#2"},
				"up": {"uv": [10, 3, 11, 4], "texture": "#2"},
				"down": {"uv": [10, 10, 11, 11], "texture": "#2"}
			}
		},
		{
			"name": "twisting_vines_plant_9",
			"from": [10, 11, 7],
			"to": [11, 12, 9],
			"rotation": {"angle": 0, "axis": "y", "origin": [0, 0, 7]},
			"faces": {
				"north": {"uv": [11, 4, 10, 5], "texture": "#2"},
				"east": {"uv": [10, 4, 11, 5], "texture": "#2"},
				"south": {"uv": [10, 4, 11, 5], "texture": "#2"},
				"west": {"uv": [10, 4, 11, 5], "texture": "#2"},
				"up": {"uv": [10, 3, 11, 4], "texture": "#2"},
				"down": {"uv": [10, 10, 11, 11], "texture": "#2"}
			}
		},
		{
			"name": "twisting_vines_plant_8",
			"from": [10, 12, 7],
			"to": [11, 13, 9],
			"rotation": {"angle": 0, "axis": "y", "origin": [0, 0, 7]},
			"faces": {
				"north": {"uv": [11, 3, 10, 4], "texture": "#2"},
				"east": {"uv": [10, 3, 11, 4], "texture": "#2"},
				"south": {"uv": [10, 3, 11, 4], "texture": "#2"},
				"west": {"uv": [10, 3, 11, 4], "texture": "#2"},
				"up": {"uv": [10, 3, 11, 4], "texture": "#2"},
				"down": {"uv": [10, 10, 11, 11], "texture": "#2"}
			}
		},
		{
			"name": "twisting_vines_plant_5",
			"from": [9, 12, 6],
			"to": [10, 13, 10],
			"rotation": {"angle": 0, "axis": "y", "origin": [0, 0, 7]},
			"faces": {
				"north": {"uv": [10, 3, 9, 4], "texture": "#2"},
				"east": {"uv": [9, 3, 10, 4], "texture": "#2"},
				"south": {"uv": [9, 3, 10, 4], "texture": "#2"},
				"west": {"uv": [9, 3, 10, 4], "texture": "#2"},
				"up": {"uv": [9, 2, 10, 3], "texture": "#2"},
				"down": {"uv": [9, 12, 10, 13], "texture": "#2"}
			}
		},
		{
			"name": "twisting_vines_plant_6",
			"from": [9, 13, 7],
			"to": [10, 14, 9],
			"rotation": {"angle": 0, "axis": "y", "origin": [0, 0, 7]},
			"faces": {
				"north": {"uv": [10, 2, 9, 3], "texture": "#2"},
				"east": {"uv": [9, 2, 10, 3], "texture": "#2"},
				"south": {"uv": [9, 2, 10, 3], "texture": "#2"},
				"west": {"uv": [9, 2, 10, 3], "texture": "#2"},
				"up": {"uv": [9, 2, 10, 3], "texture": "#2"},
				"down": {"uv": [9, 12, 10, 13], "texture": "#2"}
			}
		},
		{
			"name": "twisting_vines_plant_7",
			"from": [11, 7, 7],
			"to": [12, 11, 9],
			"rotation": {"angle": 0, "axis": "y", "origin": [0, 0, 7]},
			"faces": {
				"north": {"uv": [12, 5, 11, 9], "texture": "#2"},
				"east": {"uv": [11, 5, 12, 9], "texture": "#2"},
				"south": {"uv": [11, 5, 12, 9], "texture": "#2"},
				"west": {"uv": [11, 5, 12, 9], "texture": "#2"},
				"up": {"uv": [11, 5, 12, 6], "texture": "#2"},
				"down": {"uv": [11, 8, 12, 9], "texture": "#2"}
			}
		},
		{
			"name": "twisting_vines_plant_8",
			"from": [7, 0, 7],
			"to": [8, 4, 9],
			"rotation": {"angle": 0, "axis": "y", "origin": [0, 0, 7]},
			"faces": {
				"north": {"uv": [8, 12, 7, 16], "texture": "#2"},
				"east": {"uv": [8, 12, 9, 16], "texture": "#2"},
				"south": {"uv": [7, 12, 8, 16], "texture": "#2"},
				"west": {"uv": [7, 12, 8, 16], "texture": "#2"},
				"up": {"uv": [7, 6, 8, 7], "texture": "#2"},
				"down": {"uv": [7, 15, 8, 16], "texture": "#2"}
			}
		},
		{
			"name": "twisting_vines_plant_9",
			"from": [8, 0, 7],
			"to": [8, 4, 9],
			"rotation": {"angle": 0, "axis": "y", "origin": [0, 0, 7]},
			"faces": {
				"north": {"uv": [8, 12, 8, 16], "texture": "#2"},
				"east": {"uv": [8, 12, 9, 16], "texture": "#2"},
				"south": {"uv": [8, 12, 8, 16], "texture": "#2"},
				"west": {"uv": [7, 12, 8, 16], "texture": "#2"},
				"up": {"uv": [8, 6, 8, 7], "texture": "#2"},
				"down": {"uv": [8, 15, 8, 16], "texture": "#2"}
			}
		},
		{
			"name": "twisting_vines_plant_12",
			"from": [8, 2, 7],
			"to": [9, 3, 9],
			"rotation": {"angle": 0, "axis": "y", "origin": [0, 0, 7]},
			"faces": {
				"north": {"uv": [9, 13, 8, 14], "texture": "#2"},
				"east": {"uv": [8, 13, 9, 14], "texture": "#2"},
				"south": {"uv": [8, 13, 9, 14], "texture": "#2"},
				"west": {"uv": [7, 13, 8, 14], "texture": "#2"},
				"up": {"uv": [8, 6, 9, 7], "texture": "#2"},
				"down": {"uv": [8, 15, 9, 16], "texture": "#2"}
			}
		},
		{
			"name": "twisting_vines_plant_13",
			"from": [9, 2, 7],
			"to": [9, 3, 8],
			"rotation": {"angle": 0, "axis": "y", "origin": [0, 0, 7]},
			"faces": {
				"north": {"uv": [9, 13, 9, 14], "texture": "#2"},
				"east": {"uv": [8, 13, 9, 14], "texture": "#2"},
				"south": {"uv": [9, 13, 9, 14], "texture": "#2"},
				"west": {"uv": [7, 13, 8, 14], "texture": "#2"},
				"up": {"uv": [9, 6, 9, 7], "texture": "#2"},
				"down": {"uv": [9, 15, 9, 16], "texture": "#2"}
			}
		},
		{
			"name": "twisting_vines_plant_11",
			"from": [8, 3, 7],
			"to": [9, 4, 9],
			"rotation": {"angle": 0, "axis": "y", "origin": [0, 0, 7]},
			"faces": {
				"north": {"uv": [9, 12, 8, 13], "texture": "#2"},
				"east": {"uv": [8, 12, 9, 13], "texture": "#2"},
				"south": {"uv": [8, 12, 9, 13], "texture": "#2"},
				"west": {"uv": [7, 12, 8, 13], "texture": "#2"},
				"up": {"uv": [8, 6, 9, 7], "texture": "#2"},
				"down": {"uv": [8, 15, 9, 16], "texture": "#2"}
			}
		},
		{
			"name": "twisting_vines_plant_4",
			"from": [9, 3, 7],
			"to": [10, 4, 9],
			"rotation": {"angle": 0, "axis": "y", "origin": [0, 0, 7]},
			"faces": {
				"north": {"uv": [10, 12, 9, 13], "texture": "#2"},
				"east": {"uv": [9, 12, 10, 13], "texture": "#2"},
				"south": {"uv": [9, 12, 10, 13], "texture": "#2"},
				"west": {"uv": [9, 12, 10, 13], "texture": "#2"},
				"up": {"uv": [9, 2, 10, 3], "texture": "#2"},
				"down": {"uv": [9, 12, 10, 13], "texture": "#2"}
			}
		},
		{
			"name": "twisting_vines_plant_10",
			"from": [8, 4, 7],
			"to": [9, 4, 9],
			"rotation": {"angle": 0, "axis": "y", "origin": [0, 0, 7]},
			"faces": {
				"north": {"uv": [9, 12, 8, 12], "texture": "#2"},
				"east": {"uv": [8, 12, 9, 12], "texture": "#2"},
				"south": {"uv": [8, 12, 9, 12], "texture": "#2"},
				"west": {"uv": [7, 12, 8, 12], "texture": "#2"},
				"up": {"uv": [8, 6, 9, 7], "texture": "#2"},
				"down": {"uv": [8, 15, 9, 16], "texture": "#2"}
			}
		},
		{
			"name": "twisting_vines_plant_11",
			"from": [8, 4, 7],
			"to": [9, 5, 9],
			"rotation": {"angle": 0, "axis": "y", "origin": [0, 0, 7]},
			"faces": {
				"north": {"uv": [9, 11, 8, 12], "texture": "#2"},
				"east": {"uv": [8, 11, 9, 12], "texture": "#2"},
				"south": {"uv": [8, 11, 9, 12], "texture": "#2"},
				"west": {"uv": [7, 11, 8, 12], "texture": "#2"},
				"up": {"uv": [8, 6, 9, 7], "texture": "#2"},
				"down": {"uv": [8, 15, 9, 16], "texture": "#2"}
			}
		},
		{
			"name": "twisting_vines_plant_12",
			"from": [8, 5, 6],
			"to": [9, 6, 10],
			"rotation": {"angle": 0, "axis": "y", "origin": [0, 0, 7]},
			"faces": {
				"north": {"uv": [9, 10, 8, 11], "texture": "#2"},
				"east": {"uv": [8, 10, 9, 11], "texture": "#2"},
				"south": {"uv": [8, 10, 9, 11], "texture": "#2"},
				"west": {"uv": [7, 10, 8, 11], "texture": "#2"},
				"up": {"uv": [8, 6, 9, 7], "texture": "#2"},
				"down": {"uv": [8, 15, 9, 16], "texture": "#2"}
			}
		},
		{
			"name": "twisting_vines_plant_13",
			"from": [9, 5, 7],
			"to": [9, 6, 9],
			"rotation": {"angle": 0, "axis": "y", "origin": [0, 0, 7]},
			"faces": {
				"north": {"uv": [9, 10, 9, 11], "texture": "#2"},
				"east": {"uv": [8, 10, 9, 11], "texture": "#2"},
				"south": {"uv": [9, 10, 9, 11], "texture": "#2"},
				"west": {"uv": [7, 10, 8, 11], "texture": "#2"},
				"up": {"uv": [9, 6, 9, 7], "texture": "#2"},
				"down": {"uv": [9, 15, 9, 16], "texture": "#2"}
			}
		},
		{
			"name": "twisting_vines_plant_9",
			"from": [7, 4, 6],
			"to": [8, 8, 10],
			"rotation": {"angle": 0, "axis": "y", "origin": [0, 0, 7]},
			"faces": {
				"north": {"uv": [8, 8, 7, 12], "texture": "#2"},
				"east": {"uv": [8, 8, 9, 12], "texture": "#2"},
				"south": {"uv": [7, 8, 8, 12], "texture": "#2"},
				"west": {"uv": [7, 8, 8, 12], "texture": "#2"},
				"up": {"uv": [7, 6, 8, 7], "texture": "#2"},
				"down": {"uv": [7, 15, 8, 16], "texture": "#2"}
			}
		},
		{
			"name": "twisting_vines_plant_4",
			"from": [9, 4, 7],
			"to": [10, 5, 9],
			"rotation": {"angle": 0, "axis": "y", "origin": [0, 0, 7]},
			"faces": {
				"north": {"uv": [10, 11, 9, 12], "texture": "#2"},
				"east": {"uv": [9, 11, 10, 12], "texture": "#2"},
				"south": {"uv": [9, 11, 10, 12], "texture": "#2"},
				"west": {"uv": [9, 11, 10, 12], "texture": "#2"},
				"up": {"uv": [9, 2, 10, 3], "texture": "#2"},
				"down": {"uv": [9, 12, 10, 13], "texture": "#2"}
			}
		},
		{
			"name": "twisting_vines_plant_5",
			"from": [9, 5, 7],
			"to": [10, 7, 9],
			"rotation": {"angle": 0, "axis": "y", "origin": [0, 0, 7]},
			"faces": {
				"north": {"uv": [10, 9, 9, 11], "texture": "#2"},
				"east": {"uv": [9, 9, 10, 11], "texture": "#2"},
				"south": {"uv": [9, 9, 10, 11], "texture": "#2"},
				"west": {"uv": [9, 9, 10, 11], "texture": "#2"},
				"up": {"uv": [9, 2, 10, 3], "texture": "#2"},
				"down": {"uv": [9, 12, 10, 13], "texture": "#2"}
			}
		},
		{
			"name": "twisting_vines_plant_6",
			"from": [9, 7, 6],
			"to": [10, 8, 10],
			"rotation": {"angle": 0, "axis": "y", "origin": [0, 0, 7]},
			"faces": {
				"north": {"uv": [10, 8, 9, 9], "texture": "#2"},
				"east": {"uv": [9, 8, 10, 9], "texture": "#2"},
				"south": {"uv": [9, 8, 10, 9], "texture": "#2"},
				"west": {"uv": [9, 8, 10, 9], "texture": "#2"},
				"up": {"uv": [9, 2, 10, 3], "texture": "#2"},
				"down": {"uv": [9, 12, 10, 13], "texture": "#2"}
			}
		},
		{
			"name": "twisting_vines_plant_7",
			"from": [10, 7, 7],
			"to": [10, 8, 9],
			"rotation": {"angle": 0, "axis": "y", "origin": [0, 0, 7]},
			"faces": {
				"north": {"uv": [10, 8, 10, 9], "texture": "#2"},
				"east": {"uv": [9, 8, 10, 9], "texture": "#2"},
				"south": {"uv": [10, 8, 10, 9], "texture": "#2"},
				"west": {"uv": [9, 8, 10, 9], "texture": "#2"},
				"up": {"uv": [10, 2, 10, 3], "texture": "#2"},
				"down": {"uv": [10, 12, 10, 13], "texture": "#2"}
			}
		},
		{
			"name": "twisting_vines_plant_11",
			"from": [8, 6, 6],
			"to": [9, 8, 10],
			"rotation": {"angle": 0, "axis": "y", "origin": [0, 0, 7]},
			"faces": {
				"north": {"uv": [9, 8, 8, 10], "texture": "#2"},
				"east": {"uv": [8, 8, 9, 10], "texture": "#2"},
				"south": {"uv": [8, 8, 9, 10], "texture": "#2"},
				"west": {"uv": [7, 8, 8, 10], "texture": "#2"},
				"up": {"uv": [8, 6, 9, 7], "texture": "#2"},
				"down": {"uv": [8, 15, 9, 16], "texture": "#2"}
			}
		},
		{
			"name": "twisting_vines_plant_9",
			"from": [7, 8, 7],
			"to": [8, 9, 9],
			"rotation": {"angle": 0, "axis": "y", "origin": [0, 0, 7]},
			"faces": {
				"north": {"uv": [8, 7, 7, 8], "texture": "#2"},
				"east": {"uv": [8, 7, 9, 8], "texture": "#2"},
				"south": {"uv": [7, 7, 8, 8], "texture": "#2"},
				"west": {"uv": [7, 7, 8, 8], "texture": "#2"},
				"up": {"uv": [7, 6, 8, 7], "texture": "#2"},
				"down": {"uv": [7, 15, 8, 16], "texture": "#2"}
			}
		},
		{
			"name": "twisting_vines_plant_10",
			"from": [8, 8, 7],
			"to": [8, 10, 10],
			"rotation": {"angle": 0, "axis": "y", "origin": [0, 0, 7]},
			"faces": {
				"north": {"uv": [8.5, 6, 8, 8], "texture": "#2"},
				"east": {"uv": [8, 6, 9, 8], "texture": "#2"},
				"south": {"uv": [8, 6, 8.5, 8], "texture": "#2"},
				"west": {"uv": [7, 6, 8, 8], "texture": "#2"},
				"up": {"uv": [8, 6, 8.5, 7], "texture": "#2"},
				"down": {"uv": [8, 15, 8.5, 16], "texture": "#2"}
			}
		},
		{
			"name": "twisting_vines_plant_11",
			"from": [8, 8, 6],
			"to": [9, 9, 10],
			"rotation": {"angle": 0, "axis": "y", "origin": [0, 0, 7]},
			"faces": {
				"north": {"uv": [9, 7, 8.5, 8], "texture": "#2"},
				"east": {"uv": [8, 7, 9, 8], "texture": "#2"},
				"south": {"uv": [8.5, 7, 9, 8], "texture": "#2"},
				"west": {"uv": [7, 7, 8, 8], "texture": "#2"},
				"up": {"uv": [8.5, 6, 9, 7], "texture": "#2"},
				"down": {"uv": [8.5, 15, 9, 16], "texture": "#2"}
			}
		},
		{
			"name": "twisting_vines_plant_12",
			"from": [8, 9, 7],
			"to": [9, 10, 9],
			"rotation": {"angle": 0, "axis": "y", "origin": [0, 0, 7]},
			"faces": {
				"north": {"uv": [9, 6, 8.5, 7], "texture": "#2"},
				"east": {"uv": [8, 6, 9, 7], "texture": "#2"},
				"south": {"uv": [8.5, 6, 9, 7], "texture": "#2"},
				"west": {"uv": [7, 6, 8, 7], "texture": "#2"},
				"up": {"uv": [8.5, 6, 9, 7], "texture": "#2"},
				"down": {"uv": [8.5, 15, 9, 16], "texture": "#2"}
			}
		},
		{
			"name": "twisting_vines_plant_10",
			"from": [7, 9, 7],
			"to": [8, 10, 9],
			"rotation": {"angle": 0, "axis": "y", "origin": [0, 0, 7]},
			"faces": {
				"north": {"uv": [8, 6, 7, 7], "texture": "#2"},
				"east": {"uv": [8, 6, 9, 7], "texture": "#2"},
				"south": {"uv": [7, 6, 8, 7], "texture": "#2"},
				"west": {"uv": [7, 6, 8, 7], "texture": "#2"},
				"up": {"uv": [7, 6, 8, 7], "texture": "#2"},
				"down": {"uv": [7, 15, 8, 16], "texture": "#2"}
			}
		},
		{
			"name": "twisting_vines_plant_11",
			"from": [9, 8, 7],
			"to": [9, 10, 10],
			"rotation": {"angle": 0, "axis": "y", "origin": [0, 0, 7]},
			"faces": {
				"north": {"uv": [9, 6, 9, 8], "texture": "#2"},
				"east": {"uv": [8, 6, 9, 8], "texture": "#2"},
				"south": {"uv": [9, 6, 9, 8], "texture": "#2"},
				"west": {"uv": [7, 6, 8, 8], "texture": "#2"},
				"up": {"uv": [9, 6, 9, 7], "texture": "#2"},
				"down": {"uv": [9, 15, 9, 16], "texture": "#2"}
			}
		},
		{
			"name": "twisting_vines_plant_9",
			"from": [6, 0, 7],
			"to": [7, 2, 9],
			"rotation": {"angle": 0, "axis": "y", "origin": [0, 0, 7]},
			"faces": {
				"north": {"uv": [7, 14, 6, 16], "texture": "#2"},
				"east": {"uv": [6, 14, 7, 16], "texture": "#2"},
				"south": {"uv": [6, 14, 7, 16], "texture": "#2"},
				"west": {"uv": [6, 14, 7, 16], "texture": "#2"},
				"up": {"uv": [6, 9, 7, 10], "texture": "#2"},
				"down": {"uv": [6, 15, 7, 16], "texture": "#2"}
			}
		},
		{
			"name": "twisting_vines_plant_10",
			"from": [6, 2, 6],
			"to": [7, 3, 10],
			"rotation": {"angle": 0, "axis": "y", "origin": [0, 0, 7]},
			"faces": {
				"north": {"uv": [7, 13, 6, 14], "texture": "#2"},
				"east": {"uv": [6, 13, 7, 14], "texture": "#2"},
				"south": {"uv": [6, 13, 7, 14], "texture": "#2"},
				"west": {"uv": [6, 13, 7, 14], "texture": "#2"},
				"up": {"uv": [6, 9, 7, 10], "texture": "#2"},
				"down": {"uv": [6, 15, 7, 16], "texture": "#2"}
			}
		},
		{
			"name": "twisting_vines_plant_10",
			"from": [6, 3, 6],
			"to": [7, 6, 10],
			"rotation": {"angle": 0, "axis": "y", "origin": [0, 0, 7]},
			"faces": {
				"north": {"uv": [7, 10, 6, 13], "texture": "#2"},
				"east": {"uv": [6, 10, 7, 13], "texture": "#2"},
				"south": {"uv": [6, 10, 7, 13], "texture": "#2"},
				"west": {"uv": [6, 10, 7, 13], "texture": "#2"},
				"up": {"uv": [6, 9, 7, 10], "texture": "#2"},
				"down": {"uv": [6, 15, 7, 16], "texture": "#2"}
			}
		},
		{
			"name": "twisting_vines_plant_10",
			"from": [6, 6, 7],
			"to": [7, 7, 9],
			"rotation": {"angle": 0, "axis": "y", "origin": [0, 0, 7]},
			"faces": {
				"north": {"uv": [7, 9, 6, 10], "texture": "#2"},
				"east": {"uv": [6, 9, 7, 10], "texture": "#2"},
				"south": {"uv": [6, 9, 7, 10], "texture": "#2"},
				"west": {"uv": [6, 9, 7, 10], "texture": "#2"},
				"up": {"uv": [6, 9, 7, 10], "texture": "#2"},
				"down": {"uv": [6, 15, 7, 16], "texture": "#2"}
			}
		},
		{
			"name": "twisting_vines_plant_10",
			"from": [3, 4, 6],
			"to": [4, 6, 10],
			"rotation": {"angle": 0, "axis": "y", "origin": [0, 0, 7]},
			"faces": {
				"north": {"uv": [4, 10, 3, 12], "texture": "#2"},
				"east": {"uv": [4, 10, 5, 12], "texture": "#2"},
				"south": {"uv": [3, 10, 4, 12], "texture": "#2"},
				"west": {"uv": [3, 10, 4, 12], "texture": "#2"},
				"up": {"uv": [3, 10, 4, 11], "texture": "#2"},
				"down": {"uv": [3, 11, 4, 12], "texture": "#2"}
			}
		},
		{
			"name": "twisting_vines_plant_11",
			"from": [4, 4, 7],
			"to": [5, 5, 9],
			"rotation": {"angle": 0, "axis": "y", "origin": [0, 0, 7]},
			"faces": {
				"north": {"uv": [5, 11, 4, 12], "texture": "#2"},
				"east": {"uv": [4, 11, 5, 12], "texture": "#2"},
				"south": {"uv": [4, 11, 5, 12], "texture": "#2"},
				"west": {"uv": [3, 11, 4, 12], "texture": "#2"},
				"up": {"uv": [4, 10, 5, 11], "texture": "#2"},
				"down": {"uv": [4, 11, 5, 12], "texture": "#2"}
			}
		},
		{
			"name": "twisting_vines_plant_12",
			"from": [4, 5, 6],
			"to": [5, 6, 10],
			"rotation": {"angle": 0, "axis": "y", "origin": [0, 0, 7]},
			"faces": {
				"north": {"uv": [5, 10, 4, 11], "texture": "#2"},
				"east": {"uv": [4, 10, 5, 11], "texture": "#2"},
				"south": {"uv": [4, 10, 5, 11], "texture": "#2"},
				"west": {"uv": [3, 10, 4, 11], "texture": "#2"},
				"up": {"uv": [4, 10, 5, 11], "texture": "#2"},
				"down": {"uv": [4, 11, 5, 12], "texture": "#2"}
			}
		},
		{
			"name": "twisting_vines_plant_11",
			"from": [2, 4, 7],
			"to": [3, 5, 9],
			"rotation": {"angle": 0, "axis": "y", "origin": [0, 0, 7]},
			"faces": {
				"north": {"uv": [3, 11, 2, 12], "texture": "#2"},
				"east": {"uv": [2, 11, 3, 12], "texture": "#2"},
				"south": {"uv": [2, 11, 3, 12], "texture": "#2"},
				"west": {"uv": [2, 11, 3, 12], "texture": "#2"},
				"up": {"uv": [2, 11, 3, 12], "texture": "#2"},
				"down": {"uv": [2, 11, 3, 12], "texture": "#2"}
			}
		},
		{
			"name": "twisting_vines_plant_12",
			"from": [5, 0, 7],
			"to": [6, 1, 9],
			"rotation": {"angle": 0, "axis": "y", "origin": [0, 0, 7]},
			"faces": {
				"north": {"uv": [6, 15, 5, 16], "texture": "#2"},
				"east": {"uv": [5, 15, 6, 16], "texture": "#2"},
				"south": {"uv": [5, 15, 6, 16], "texture": "#2"},
				"west": {"uv": [5, 15, 6, 16], "texture": "#2"},
				"up": {"uv": [5, 11, 6, 12], "texture": "#2"},
				"down": {"uv": [5, 15, 6, 16], "texture": "#2"}
			}
		},
		{
			"name": "twisting_vines_plant_13",
			"from": [5, 1, 6],
			"to": [6, 4, 7],
			"rotation": {"angle": 0, "axis": "y", "origin": [0, 0, 7]},
			"faces": {
				"north": {"uv": [6, 12, 5, 15], "texture": "#2"},
				"east": {"uv": [5.75, 12, 6, 15], "texture": "#2"},
				"south": {"uv": [5, 12, 6, 15], "texture": "#2"},
				"west": {"uv": [5, 12, 5.25, 15], "texture": "#2"},
				"up": {"uv": [5, 11, 6, 11.25], "texture": "#2"},
				"down": {"uv": [5, 15.75, 6, 16], "texture": "#2"}
			}
		},
		{
			"name": "twisting_vines_plant_13",
			"from": [5, 4, 7],
			"to": [6, 5, 9],
			"rotation": {"angle": 0, "axis": "y", "origin": [0, 0, 7]},
			"faces": {
				"north": {"uv": [6, 11, 5, 12], "texture": "#2"},
				"east": {"uv": [5, 11, 6, 12], "texture": "#2"},
				"south": {"uv": [5, 11, 6, 12], "texture": "#2"},
				"west": {"uv": [5, 11, 6, 12], "texture": "#2"},
				"up": {"uv": [5, 11, 6, 12], "texture": "#2"},
				"down": {"uv": [5, 15, 6, 16], "texture": "#2"}
			}
		},
		{
			"name": "twisting_vines_plant_13",
			"from": [4, 0, 7],
			"to": [5, 1, 9],
			"rotation": {"angle": 0, "axis": "y", "origin": [0, 0, 7]},
			"faces": {
				"north": {"uv": [5, 15, 4, 16], "texture": "#2"},
				"east": {"uv": [4, 15, 5, 16], "texture": "#2"},
				"south": {"uv": [4, 15, 5, 16], "texture": "#2"},
				"west": {"uv": [4, 15, 5, 16], "texture": "#2"},
				"up": {"uv": [4, 13, 5, 14], "texture": "#2"},
				"down": {"uv": [4, 15, 5, 16], "texture": "#2"}
			}
		},
		{
			"name": "twisting_vines_plant_14",
			"from": [4, 1, 6],
			"to": [5, 2, 10],
			"rotation": {"angle": 0, "axis": "y", "origin": [0, 0, 7]},
			"faces": {
				"north": {"uv": [5, 14, 4, 15], "texture": "#2"},
				"east": {"uv": [4, 14, 5, 15], "texture": "#2"},
				"south": {"uv": [4, 14, 5, 15], "texture": "#2"},
				"west": {"uv": [4, 14, 5, 15], "texture": "#2"},
				"up": {"uv": [4, 13, 5, 14], "texture": "#2"},
				"down": {"uv": [4, 15, 5, 16], "texture": "#2"}
			}
		},
		{
			"name": "twisting_vines_plant_15",
			"from": [4, 2, 7],
			"to": [5, 3, 9],
			"rotation": {"angle": 0, "axis": "y", "origin": [0, 0, 7]},
			"faces": {
				"north": {"uv": [5, 13, 4, 14], "texture": "#2"},
				"east": {"uv": [4, 13, 5, 14], "texture": "#2"},
				"south": {"uv": [4, 13, 5, 14], "texture": "#2"},
				"west": {"uv": [4, 13, 5, 14], "texture": "#2"},
				"up": {"uv": [4, 13, 5, 14], "texture": "#2"},
				"down": {"uv": [4, 15, 5, 16], "texture": "#2"}
			}
		},
		{
			"name": "twisting_vines_plant_14",
			"from": [5, 1, 7],
			"to": [6, 4, 10],
			"rotation": {"angle": 0, "axis": "y", "origin": [0, 0, 7]},
			"faces": {
				"north": {"uv": [6, 12, 5, 15], "texture": "#2"},
				"east": {"uv": [5, 12, 5.75, 15], "texture": "#2"},
				"south": {"uv": [5, 12, 6, 15], "texture": "#2"},
				"west": {"uv": [5.25, 12, 6, 15], "texture": "#2"},
				"up": {"uv": [5, 11.25, 6, 12], "texture": "#2"},
				"down": {"uv": [5, 15, 6, 15.75], "texture": "#2"}
			}
		},
		{
			"name": "twisting_vines_plant_0",
			"from": [5, 27, 6],
			"to": [7, 29, 10],
			"rotation": {"angle": 0, "axis": "y", "origin": [10, 13, 9]},
			"faces": {
				"north": {"uv": [4, 0, 5, 1], "texture": "#2"},
				"east": {"uv": [4, 0, 5, 1], "texture": "#2"},
				"south": {"uv": [5, 0, 4, 1], "texture": "#2"},
				"west": {"uv": [8, 0, 9, 1], "texture": "#2"},
				"up": {"uv": [4, 0, 5, 1], "rotation": 180, "texture": "#2"},
				"down": {"uv": [4, 0, 5, 1], "rotation": 180, "texture": "#2"}
			}
		},
		{
			"name": "twisting_vines_plant_0",
			"from": [-7, 30, 7],
			"to": [-6, 32, 8],
			"rotation": {"angle": -45, "axis": "z", "origin": [-2, 16, 8]},
			"faces": {
				"north": {"uv": [4, 0, 5, 1], "texture": "#2"},
				"east": {"uv": [4, 0, 5, 1], "texture": "#2"},
				"south": {"uv": [5, 0, 4, 1], "texture": "#2"},
				"west": {"uv": [8, 0, 9, 1], "texture": "#2"},
				"up": {"uv": [4, 0, 5, 1], "rotation": 180, "texture": "#2"},
				"down": {"uv": [4, 0, 5, 1], "rotation": 180, "texture": "#2"}
			}
		},
		{
			"name": "twisting_vines_plant_1",
			"from": [3, 28, 9],
			"to": [5, 29, 10],
			"rotation": {"angle": 0, "axis": "y", "origin": [10, 13, 9]},
			"faces": {
				"north": {"uv": [5, 0, 7, 1], "texture": "#2"},
				"east": {"uv": [4, 0, 4.25, 1], "texture": "#2"},
				"south": {"uv": [7, 0, 5, 1], "texture": "#2"},
				"west": {"uv": [8.75, 0, 9, 1], "texture": "#2"},
				"up": {"uv": [5, 0, 7, 0.25], "rotation": 180, "texture": "#2"},
				"down": {"uv": [5, 0.75, 7, 1], "rotation": 180, "texture": "#2"}
			}
		},
		{
			"name": "twisting_vines_plant_2",
			"from": [2, 28, 9],
			"to": [3, 29, 9],
			"rotation": {"angle": 0, "axis": "y", "origin": [10, 13, 9]},
			"faces": {
				"north": {"uv": [7, 0, 8, 1], "texture": "#2"},
				"east": {"uv": [4, 0, 4.25, 1], "texture": "#2"},
				"south": {"uv": [8, 0, 7, 1], "texture": "#2"},
				"west": {"uv": [8.75, 0, 9, 1], "texture": "#2"},
				"up": {"uv": [7, 0, 8, 0.25], "rotation": 180, "texture": "#2"},
				"down": {"uv": [7, 0.75, 8, 1], "rotation": 180, "texture": "#2"}
			}
		},
		{
			"name": "twisting_vines_plant_3",
			"from": [2, 29, 9],
			"to": [3, 29, 9],
			"rotation": {"angle": 0, "axis": "y", "origin": [10, 13, 9]},
			"faces": {
				"north": {"uv": [7, 0, 8, 0], "texture": "#2"},
				"east": {"uv": [4, 0, 4.25, 0], "texture": "#2"},
				"south": {"uv": [8, 0, 7, 0], "texture": "#2"},
				"west": {"uv": [8.75, 0, 9, 0], "texture": "#2"},
				"up": {"uv": [7, 0, 8, 0.25], "rotation": 180, "texture": "#2"},
				"down": {"uv": [7, 0.75, 8, 1], "rotation": 180, "texture": "#2"}
			}
		},
		{
			"name": "twisting_vines_plant_2",
			"from": [2, 28, 6],
			"to": [3, 31, 10],
			"rotation": {"angle": 0, "axis": "y", "origin": [10, 13, 9]},
			"faces": {
				"north": {"uv": [7, 0.25, 8, 1], "texture": "#2"},
				"east": {"uv": [4.25, 0.25, 4.75, 1], "texture": "#2"},
				"south": {"uv": [8, 0.25, 7, 1], "texture": "#2"},
				"west": {"uv": [8.25, 0.25, 8.75, 1], "texture": "#2"},
				"up": {"uv": [7, 0.25, 8, 0.75], "rotation": 180, "texture": "#2"},
				"down": {"uv": [7, 0.25, 8, 0.75], "rotation": 180, "texture": "#2"}
			}
		},
		{
			"name": "twisting_vines_plant_3",
			"from": [3, 28, 6],
			"to": [4, 29, 10],
			"rotation": {"angle": 0, "axis": "y", "origin": [10, 13, 9]},
			"faces": {
				"north": {"uv": [6, 0.75, 7, 1], "texture": "#2"},
				"east": {"uv": [4.25, 0.75, 4.75, 1], "texture": "#2"},
				"south": {"uv": [7, 0.75, 6, 1], "texture": "#2"},
				"west": {"uv": [8.25, 0.75, 8.75, 1], "texture": "#2"},
				"up": {"uv": [6, 0.25, 7, 0.75], "rotation": 180, "texture": "#2"},
				"down": {"uv": [6, 0.25, 7, 0.75], "rotation": 180, "texture": "#2"}
			}
		},
		{
			"name": "twisting_vines_plant_4",
			"from": [3, 29, 6],
			"to": [4, 30, 10],
			"rotation": {"angle": 0, "axis": "y", "origin": [10, 13, 9]},
			"faces": {
				"north": {"uv": [6, 0.5, 7, 0.75], "texture": "#2"},
				"east": {"uv": [4.25, 0.5, 4.75, 0.75], "texture": "#2"},
				"south": {"uv": [7, 0.5, 6, 0.75], "texture": "#2"},
				"west": {"uv": [8.25, 0.5, 8.75, 0.75], "texture": "#2"},
				"up": {"uv": [6, 0.25, 7, 0.75], "rotation": 180, "texture": "#2"},
				"down": {"uv": [6, 0.25, 7, 0.75], "rotation": 180, "texture": "#2"}
			}
		},
		{
			"name": "twisting_vines_plant_4",
			"from": [3, 30, 6],
			"to": [4, 31, 10],
			"rotation": {"angle": 0, "axis": "y", "origin": [10, 13, 9]},
			"faces": {
				"north": {"uv": [6, 0.25, 7, 0.5], "texture": "#2"},
				"east": {"uv": [4.25, 0.25, 4.75, 0.5], "texture": "#2"},
				"south": {"uv": [7, 0.25, 6, 0.5], "texture": "#2"},
				"west": {"uv": [8.25, 0.25, 8.75, 0.5], "texture": "#2"},
				"up": {"uv": [6, 0.25, 7, 0.75], "rotation": 180, "texture": "#2"},
				"down": {"uv": [6, 0.25, 7, 0.75], "rotation": 180, "texture": "#2"}
			}
		},
		{
			"name": "twisting_vines_plant_3",
			"from": [4, 28, 6],
			"to": [5, 30, 10],
			"rotation": {"angle": 0, "axis": "y", "origin": [10, 13, 9]},
			"faces": {
				"north": {"uv": [5, 0.5, 6, 1], "texture": "#2"},
				"east": {"uv": [4.25, 0.5, 4.75, 1], "texture": "#2"},
				"south": {"uv": [6, 0.5, 5, 1], "texture": "#2"},
				"west": {"uv": [8.25, 0.5, 8.75, 1], "texture": "#2"},
				"up": {"uv": [5, 0.25, 6, 0.75], "rotation": 180, "texture": "#2"},
				"down": {"uv": [5, 0.25, 6, 0.75], "rotation": 180, "texture": "#2"}
			}
		},
		{
			"name": "twisting_vines_plant_4",
			"from": [4, 30, 6],
			"to": [5, 31, 10],
			"rotation": {"angle": 0, "axis": "y", "origin": [10, 13, 9]},
			"faces": {
				"north": {"uv": [5, 0.25, 6, 0.5], "texture": "#2"},
				"east": {"uv": [4.25, 0.25, 4.75, 0.5], "texture": "#2"},
				"south": {"uv": [6, 0.25, 5, 0.5], "texture": "#2"},
				"west": {"uv": [8.25, 0.25, 8.75, 0.5], "texture": "#2"},
				"up": {"uv": [5, 0.25, 6, 0.75], "rotation": 180, "texture": "#2"},
				"down": {"uv": [5, 0.25, 6, 0.75], "rotation": 180, "texture": "#2"}
			}
		},
		{
			"name": "twisting_vines_plant_3",
			"from": [5, 28, 6],
			"to": [5, 31, 10],
			"rotation": {"angle": 0, "axis": "y", "origin": [10, 13, 9]},
			"faces": {
				"north": {"uv": [5, 0.25, 5, 1], "texture": "#2"},
				"east": {"uv": [4.25, 0.25, 4.75, 1], "texture": "#2"},
				"south": {"uv": [5, 0.25, 5, 1], "texture": "#2"},
				"west": {"uv": [8.25, 0.25, 8.75, 1], "texture": "#2"},
				"up": {"uv": [5, 0.25, 5, 0.75], "rotation": 180, "texture": "#2"},
				"down": {"uv": [5, 0.25, 5, 0.75], "rotation": 180, "texture": "#2"}
			}
		},
		{
			"name": "twisting_vines_plant_0",
			"from": [-7, 30, 8],
			"to": [-6, 32, 9],
			"rotation": {"angle": -45, "axis": "z", "origin": [-2, 16, 9]},
			"faces": {
				"north": {"uv": [4, 0, 5, 1], "texture": "#2"},
				"east": {"uv": [4, 0, 5, 1], "texture": "#2"},
				"south": {"uv": [5, 0, 4, 1], "texture": "#2"},
				"west": {"uv": [8, 0, 9, 1], "texture": "#2"},
				"up": {"uv": [4, 0, 5, 1], "rotation": 180, "texture": "#2"},
				"down": {"uv": [4, 0, 5, 1], "rotation": 180, "texture": "#2"}
			}
		},
		{
			"name": "twisting_vines_plant_3",
			"from": [2, 31, 6],
			"to": [5, 32, 10],
			"rotation": {"angle": 0, "axis": "y", "origin": [10, 13, 9]},
			"faces": {
				"north": {"uv": [6, 0, 8, 0.25], "texture": "#2"},
				"east": {"uv": [4.25, 0, 4.75, 0.25], "texture": "#2"},
				"south": {"uv": [8, 0, 6, 0.25], "texture": "#2"},
				"west": {"uv": [8.25, 0, 8.75, 0.25], "texture": "#2"},
				"up": {"uv": [6, 0.25, 8, 0.75], "rotation": 180, "texture": "#2"},
				"down": {"uv": [6, 0.25, 8, 0.75], "rotation": 180, "texture": "#2"}
			}
		},
		{
			"name": "twisting_vines_plant_3",
			"from": [3, 28, 6],
			"to": [5, 29, 7],
			"rotation": {"angle": 0, "axis": "y", "origin": [10, 13, 9]},
			"faces": {
				"north": {"uv": [5, 0, 7, 1], "texture": "#2"},
				"east": {"uv": [4.75, 0, 5, 1], "texture": "#2"},
				"south": {"uv": [7, 0, 5, 1], "texture": "#2"},
				"west": {"uv": [8, 0, 8.25, 1], "texture": "#2"},
				"up": {"uv": [5, 0.75, 7, 1], "rotation": 180, "texture": "#2"},
				"down": {"uv": [5, 0, 7, 0.25], "rotation": 180, "texture": "#2"}
			}
		},
		{
			"name": "twisting_vines_plant_4",
			"from": [3, 29, 6],
			"to": [5, 29, 7],
			"rotation": {"angle": 0, "axis": "y", "origin": [10, 13, 9]},
			"faces": {
				"north": {"uv": [5, 0, 7, 0], "texture": "#2"},
				"east": {"uv": [4.75, 0, 5, 0], "texture": "#2"},
				"south": {"uv": [7, 0, 5, 0], "texture": "#2"},
				"west": {"uv": [8, 0, 8.25, 0], "texture": "#2"},
				"up": {"uv": [5, 0.75, 7, 1], "rotation": 180, "texture": "#2"},
				"down": {"uv": [5, 0, 7, 0.25], "rotation": 180, "texture": "#2"}
			}
		},
		{
			"name": "twisting_vines_plant_2",
			"from": [1, 28, 7],
			"to": [2, 29, 9],
			"rotation": {"angle": 0, "axis": "y", "origin": [10, 13, 9]},
			"faces": {
				"north": {"uv": [8, 0, 9, 1], "texture": "#2"},
				"east": {"uv": [4, 0, 5, 1], "texture": "#2"},
				"south": {"uv": [9, 0, 8, 1], "texture": "#2"},
				"west": {"uv": [8, 0, 9, 1], "texture": "#2"},
				"up": {"uv": [8, 0, 9, 1], "rotation": 180, "texture": "#2"},
				"down": {"uv": [8, 0, 9, 1], "rotation": 180, "texture": "#2"}
			}
		},
		{
			"name": "twisting_vines_plant_1",
			"from": [4, 26, 7],
			"to": [5, 28, 9],
			"rotation": {"angle": 0, "axis": "y", "origin": [10, 13, 9]},
			"faces": {
				"north": {"uv": [5, 1, 5.75, 3], "texture": "#2"},
				"east": {"uv": [5, 1, 6, 3], "texture": "#2"},
				"south": {"uv": [6, 1, 5, 3], "texture": "#2"},
				"west": {"uv": [8, 1, 9, 3], "texture": "#2"},
				"up": {"uv": [5, 1, 6, 2], "rotation": 180, "texture": "#2"},
				"down": {"uv": [5, 2, 6, 3], "rotation": 180, "texture": "#2"}
			}
		},
		{
			"name": "twisting_vines_plant_2",
			"from": [2, 26, 6],
			"to": [4, 27, 10],
			"rotation": {"angle": 0, "axis": "y", "origin": [10, 13, 9]},
			"faces": {
				"north": {"uv": [5.75, 2, 7.25, 3], "texture": "#2"},
				"east": {"uv": [5, 2, 6, 3], "texture": "#2"},
				"south": {"uv": [8, 2, 6, 3], "texture": "#2"},
				"west": {"uv": [8, 2, 9, 3], "texture": "#2"},
				"up": {"uv": [6, 1, 8, 2], "rotation": 180, "texture": "#2"},
				"down": {"uv": [6, 2, 8, 3], "rotation": 180, "texture": "#2"}
			}
		},
		{
			"name": "twisting_vines_plant_3",
			"from": [2, 27, 6],
			"to": [4, 28, 10],
			"rotation": {"angle": 0, "axis": "y", "origin": [10, 13, 9]},
			"faces": {
				"north": {"uv": [5.75, 1, 7.25, 2], "texture": "#2"},
				"east": {"uv": [5, 1, 6, 2], "texture": "#2"},
				"south": {"uv": [8, 1, 6, 2], "texture": "#2"},
				"west": {"uv": [8, 1, 9, 2], "texture": "#2"},
				"up": {"uv": [6, 1, 8, 2], "rotation": 180, "texture": "#2"},
				"down": {"uv": [6, 2, 8, 3], "rotation": 180, "texture": "#2"}
			}
		},
		{
			"name": "twisting_vines_plant_4",
			"from": [2, 28, 6],
			"to": [3, 28, 7],
			"rotation": {"angle": 0, "axis": "y", "origin": [10, 13, 9]},
			"faces": {
				"north": {"uv": [7, 1, 8, 1], "texture": "#2"},
				"east": {"uv": [4.75, 1, 5, 1], "texture": "#2"},
				"south": {"uv": [8, 1, 7, 1], "texture": "#2"},
				"west": {"uv": [8, 1, 8.25, 1], "texture": "#2"},
				"up": {"uv": [7, 0.75, 8, 1], "rotation": 180, "texture": "#2"},
				"down": {"uv": [7, 0, 8, 0.25], "rotation": 180, "texture": "#2"}
			}
		},
		{
			"name": "twisting_vines_plant_5",
			"from": [2, 28, 7],
			"to": [3, 29, 7],
			"rotation": {"angle": 0, "axis": "y", "origin": [10, 13, 9]},
			"faces": {
				"north": {"uv": [7, 0, 8, 1], "texture": "#2"},
				"east": {"uv": [4.75, 0, 5, 1], "texture": "#2"},
				"south": {"uv": [8, 0, 7, 1], "texture": "#2"},
				"west": {"uv": [8, 0, 8.25, 1], "texture": "#2"},
				"up": {"uv": [7, 0.75, 8, 1], "rotation": 180, "texture": "#2"},
				"down": {"uv": [7, 0, 8, 0.25], "rotation": 180, "texture": "#2"}
			}
		},
		{
			"name": "twisting_vines_plant_4",
			"from": [2, 28, 6],
			"to": [4, 28, 10],
			"rotation": {"angle": 0, "axis": "y", "origin": [10, 13, 9]},
			"faces": {
				"north": {"uv": [5.75, 1, 7.25, 1], "texture": "#2"},
				"east": {"uv": [5, 1, 6, 1], "texture": "#2"},
				"south": {"uv": [8, 1, 6, 1], "texture": "#2"},
				"west": {"uv": [8, 1, 9, 1], "texture": "#2"},
				"up": {"uv": [6, 1, 8, 2], "rotation": 180, "texture": "#2"},
				"down": {"uv": [6, 2, 8, 3], "rotation": 180, "texture": "#2"}
			}
		},
		{
			"name": "twisting_vines_plant_3",
			"from": [1, 26, 6],
			"to": [2, 27, 10],
			"rotation": {"angle": 0, "axis": "y", "origin": [10, 13, 9]},
			"faces": {
				"north": {"uv": [7.25, 2, 8, 3], "texture": "#2"},
				"east": {"uv": [5, 2, 6, 3], "texture": "#2"},
				"south": {"uv": [9, 2, 8, 3], "texture": "#2"},
				"west": {"uv": [8, 2, 9, 3], "texture": "#2"},
				"up": {"uv": [8, 1, 9, 2], "rotation": 180, "texture": "#2"},
				"down": {"uv": [8, 2, 9, 3], "rotation": 180, "texture": "#2"}
			}
		},
		{
			"name": "twisting_vines_plant_3",
			"from": [0, 16, 7],
			"to": [1, 16, 9],
			"rotation": {"angle": 0, "axis": "y", "origin": [10, 13, 9]},
			"faces": {
				"north": {"uv": [9, 13, 10, 13], "texture": "#2"},
				"east": {"uv": [9, 13, 10, 13], "texture": "#2"},
				"south": {"uv": [10, 13, 9, 13], "texture": "#2"},
				"west": {"uv": [9, 13, 10, 13], "texture": "#2"},
				"up": {"uv": [9, 2, 10, 3], "rotation": 180, "texture": "#2"},
				"down": {"uv": [9, 12, 10, 13], "rotation": 180, "texture": "#2"}
			}
		},
		{
			"name": "twisting_vines_plant_4",
			"from": [0, 21, 6],
			"to": [1, 23, 10],
			"rotation": {"angle": 0, "axis": "y", "origin": [10, 13, 9]},
			"faces": {
				"north": {"uv": [9, 6, 10, 8], "texture": "#2"},
				"east": {"uv": [9, 6, 10, 8], "texture": "#2"},
				"south": {"uv": [10, 6, 9, 8], "texture": "#2"},
				"west": {"uv": [9, 6, 10, 8], "texture": "#2"},
				"up": {"uv": [9, 2, 10, 3], "rotation": 180, "texture": "#2"},
				"down": {"uv": [9, 12, 10, 13], "rotation": 180, "texture": "#2"}
			}
		},
		{
			"name": "twisting_vines_plant_4",
			"from": [0, 23, 6],
			"to": [1, 25, 10],
			"rotation": {"angle": 0, "axis": "y", "origin": [10, 13, 9]},
			"faces": {
				"north": {"uv": [9, 4, 10, 6], "texture": "#2"},
				"east": {"uv": [9, 4, 10, 6], "texture": "#2"},
				"south": {"uv": [10, 4, 9, 6], "texture": "#2"},
				"west": {"uv": [9, 4, 10, 6], "texture": "#2"},
				"up": {"uv": [9, 2, 10, 3], "rotation": 180, "texture": "#2"},
				"down": {"uv": [9, 12, 10, 13], "rotation": 180, "texture": "#2"}
			}
		},
		{
			"name": "twisting_vines_plant_4",
			"from": [1, 27, 7],
			"to": [2, 27, 9],
			"rotation": {"angle": 0, "axis": "y", "origin": [10, 13, 9]},
			"faces": {
				"north": {"uv": [7.25, 2, 8, 2], "texture": "#2"},
				"east": {"uv": [5, 2, 6, 2], "texture": "#2"},
				"south": {"uv": [9, 2, 8, 2], "texture": "#2"},
				"west": {"uv": [8, 2, 9, 2], "texture": "#2"},
				"up": {"uv": [8, 1, 9, 2], "rotation": 180, "texture": "#2"},
				"down": {"uv": [8, 2, 9, 3], "rotation": 180, "texture": "#2"}
			}
		},
		{
			"name": "twisting_vines_plant_5",
			"from": [1, 27, 7],
			"to": [2, 28, 9],
			"rotation": {"angle": 0, "axis": "y", "origin": [10, 13, 9]},
			"faces": {
				"north": {"uv": [7.25, 1, 8, 2], "texture": "#2"},
				"east": {"uv": [5, 1, 6, 2], "texture": "#2"},
				"south": {"uv": [9, 1, 8, 2], "texture": "#2"},
				"west": {"uv": [8, 1, 9, 2], "texture": "#2"},
				"up": {"uv": [8, 1, 9, 2], "rotation": 180, "texture": "#2"},
				"down": {"uv": [8, 2, 9, 3], "rotation": 180, "texture": "#2"}
			}
		},
		{
			"name": "twisting_vines_plant_5",
			"from": [3, 23, 7],
			"to": [4, 26, 9],
			"rotation": {"angle": 0, "axis": "y", "origin": [10, 13, 9]},
			"faces": {
				"north": {"uv": [6, 3, 7, 6], "texture": "#2"},
				"east": {"uv": [6, 3, 7, 6], "texture": "#2"},
				"south": {"uv": [7, 3, 6, 6], "texture": "#2"},
				"west": {"uv": [8, 3, 9, 6], "texture": "#2"},
				"up": {"uv": [6, 3, 7, 4], "rotation": 180, "texture": "#2"},
				"down": {"uv": [6, 5, 7, 6], "rotation": 180, "texture": "#2"}
			}
		},
		{
			"name": "twisting_vines_plant_6",
			"from": [2, 23, 7],
			"to": [3, 24, 9],
			"rotation": {"angle": 0, "axis": "y", "origin": [10, 13, 9]},
			"faces": {
				"north": {"uv": [7, 5, 8, 6], "texture": "#2"},
				"east": {"uv": [6, 5, 7, 6], "texture": "#2"},
				"south": {"uv": [8, 5, 7, 6], "texture": "#2"},
				"west": {"uv": [8, 5, 9, 6], "texture": "#2"},
				"up": {"uv": [7, 3, 8, 4], "rotation": 180, "texture": "#2"},
				"down": {"uv": [7, 5, 8, 6], "rotation": 180, "texture": "#2"}
			}
		},
		{
			"name": "twisting_vines_plant_7",
			"from": [1, 23, 6],
			"to": [2, 24, 10],
			"rotation": {"angle": 0, "axis": "y", "origin": [10, 13, 9]},
			"faces": {
				"north": {"uv": [8, 5, 9, 6], "texture": "#2"},
				"east": {"uv": [6, 5, 7, 6], "texture": "#2"},
				"south": {"uv": [9, 5, 8, 6], "texture": "#2"},
				"west": {"uv": [8, 5, 9, 6], "texture": "#2"},
				"up": {"uv": [8, 3, 9, 4], "rotation": 180, "texture": "#2"},
				"down": {"uv": [8, 5, 9, 6], "rotation": 180, "texture": "#2"}
			}
		},
		{
			"name": "twisting_vines_plant_7",
			"from": [1, 24, 6],
			"to": [3, 26, 10],
			"rotation": {"angle": 0, "axis": "y", "origin": [10, 13, 9]},
			"faces": {
				"north": {"uv": [7, 3, 9, 5], "texture": "#2"},
				"east": {"uv": [6, 3, 7, 5], "texture": "#2"},
				"south": {"uv": [9, 3, 7, 5], "texture": "#2"},
				"west": {"uv": [8, 3, 9, 5], "texture": "#2"},
				"up": {"uv": [7, 3, 9, 4], "rotation": 180, "texture": "#2"},
				"down": {"uv": [7, 5, 9, 6], "rotation": 180, "texture": "#2"}
			}
		},
		{
			"name": "twisting_vines_plant_6",
			"from": [-1, 18, 7],
			"to": [0, 21, 9],
			"rotation": {"angle": 0, "axis": "y", "origin": [10, 13, 9]},
			"faces": {
				"north": {"uv": [10, 8, 11, 11], "texture": "#2"},
				"east": {"uv": [10, 8, 11, 11], "texture": "#2"},
				"south": {"uv": [11, 8, 10, 11], "texture": "#2"},
				"west": {"uv": [10, 8, 11, 11], "texture": "#2"},
				"up": {"uv": [10, 3, 11, 4], "rotation": 180, "texture": "#2"},
				"down": {"uv": [10, 10, 11, 11], "rotation": 180, "texture": "#2"}
			}
		},
		{
			"name": "twisting_vines_plant_7",
			"from": [0, 21, 7],
			"to": [0, 22, 9],
			"rotation": {"angle": 0, "axis": "y", "origin": [10, 13, 9]},
			"faces": {
				"north": {"uv": [10, 7, 10, 8], "texture": "#2"},
				"east": {"uv": [10, 7, 11, 8], "texture": "#2"},
				"south": {"uv": [10, 7, 10, 8], "texture": "#2"},
				"west": {"uv": [10, 7, 11, 8], "texture": "#2"},
				"up": {"uv": [10, 3, 10, 4], "rotation": 180, "texture": "#2"},
				"down": {"uv": [10, 10, 10, 11], "rotation": 180, "texture": "#2"}
			}
		},
		{
			"name": "twisting_vines_plant_8",
			"from": [-1, 21, 7],
			"to": [0, 22, 9],
			"rotation": {"angle": 0, "axis": "y", "origin": [10, 13, 9]},
			"faces": {
				"north": {"uv": [10, 7, 11, 8], "texture": "#2"},
				"east": {"uv": [10, 7, 11, 8], "texture": "#2"},
				"south": {"uv": [11, 7, 10, 8], "texture": "#2"},
				"west": {"uv": [10, 7, 11, 8], "texture": "#2"},
				"up": {"uv": [10, 3, 11, 4], "rotation": 180, "texture": "#2"},
				"down": {"uv": [10, 10, 11, 11], "rotation": 180, "texture": "#2"}
			}
		},
		{
			"name": "twisting_vines_plant_8",
			"from": [-1, 22, 6],
			"to": [0, 24, 10],
			"rotation": {"angle": 0, "axis": "y", "origin": [10, 13, 9]},
			"faces": {
				"north": {"uv": [10, 5, 11, 7], "texture": "#2"},
				"east": {"uv": [10, 5, 11, 7], "texture": "#2"},
				"south": {"uv": [11, 5, 10, 7], "texture": "#2"},
				"west": {"uv": [10, 5, 11, 7], "texture": "#2"},
				"up": {"uv": [10, 3, 11, 4], "rotation": 180, "texture": "#2"},
				"down": {"uv": [10, 10, 11, 11], "rotation": 180, "texture": "#2"}
			}
		},
		{
			"name": "twisting_vines_plant_9",
			"from": [-1, 24, 7],
			"to": [0, 25, 9],
			"rotation": {"angle": 0, "axis": "y", "origin": [10, 13, 9]},
			"faces": {
				"north": {"uv": [10, 4, 11, 5], "texture": "#2"},
				"east": {"uv": [10, 4, 11, 5], "texture": "#2"},
				"south": {"uv": [11, 4, 10, 5], "texture": "#2"},
				"west": {"uv": [10, 4, 11, 5], "texture": "#2"},
				"up": {"uv": [10, 3, 11, 4], "rotation": 180, "texture": "#2"},
				"down": {"uv": [10, 10, 11, 11], "rotation": 180, "texture": "#2"}
			}
		},
		{
			"name": "twisting_vines_plant_8",
			"from": [-1, 25, 7],
			"to": [0, 26, 9],
			"rotation": {"angle": 0, "axis": "y", "origin": [10, 13, 9]},
			"faces": {
				"north": {"uv": [10, 3, 11, 4], "texture": "#2"},
				"east": {"uv": [10, 3, 11, 4], "texture": "#2"},
				"south": {"uv": [11, 3, 10, 4], "texture": "#2"},
				"west": {"uv": [10, 3, 11, 4], "texture": "#2"},
				"up": {"uv": [10, 3, 11, 4], "rotation": 180, "texture": "#2"},
				"down": {"uv": [10, 10, 11, 11], "rotation": 180, "texture": "#2"}
			}
		},
		{
			"name": "twisting_vines_plant_5",
			"from": [0, 25, 6],
			"to": [1, 26, 10],
			"rotation": {"angle": 0, "axis": "y", "origin": [10, 13, 9]},
			"faces": {
				"north": {"uv": [9, 3, 10, 4], "texture": "#2"},
				"east": {"uv": [9, 3, 10, 4], "texture": "#2"},
				"south": {"uv": [10, 3, 9, 4], "texture": "#2"},
				"west": {"uv": [9, 3, 10, 4], "texture": "#2"},
				"up": {"uv": [9, 2, 10, 3], "rotation": 180, "texture": "#2"},
				"down": {"uv": [9, 12, 10, 13], "rotation": 180, "texture": "#2"}
			}
		},
		{
			"name": "twisting_vines_plant_6",
			"from": [0, 26, 7],
			"to": [1, 27, 9],
			"rotation": {"angle": 0, "axis": "y", "origin": [10, 13, 9]},
			"faces": {
				"north": {"uv": [9, 2, 10, 3], "texture": "#2"},
				"east": {"uv": [9, 2, 10, 3], "texture": "#2"},
				"south": {"uv": [10, 2, 9, 3], "texture": "#2"},
				"west": {"uv": [9, 2, 10, 3], "texture": "#2"},
				"up": {"uv": [9, 2, 10, 3], "rotation": 180, "texture": "#2"},
				"down": {"uv": [9, 12, 10, 13], "rotation": 180, "texture": "#2"}
			}
		},
		{
			"name": "twisting_vines_plant_7",
			"from": [-2, 20, 7],
			"to": [-1, 24, 9],
			"rotation": {"angle": 0, "axis": "y", "origin": [10, 13, 9]},
			"faces": {
				"north": {"uv": [11, 5, 12, 9], "texture": "#2"},
				"east": {"uv": [11, 5, 12, 9], "texture": "#2"},
				"south": {"uv": [12, 5, 11, 9], "texture": "#2"},
				"west": {"uv": [11, 5, 12, 9], "texture": "#2"},
				"up": {"uv": [11, 5, 12, 6], "rotation": 180, "texture": "#2"},
				"down": {"uv": [11, 8, 12, 9], "rotation": 180, "texture": "#2"}
			}
		},
		{
			"name": "twisting_vines_plant_10",
			"from": [3, 14, 7],
			"to": [3, 15, 9],
			"rotation": {"angle": 0, "axis": "y", "origin": [10, 13, 9]},
			"faces": {
				"north": {"uv": [7, 14, 7, 15], "texture": "#2"},
				"east": {"uv": [7, 14, 8, 15], "texture": "#2"},
				"south": {"uv": [7, 14, 7, 15], "texture": "#2"},
				"west": {"uv": [8, 14, 9, 15], "texture": "#2"},
				"up": {"uv": [7, 6, 7, 7], "rotation": 180, "texture": "#2"},
				"down": {"uv": [7, 15, 7, 16], "rotation": 180, "texture": "#2"}
			}
		},
		{
			"name": "twisting_vines_plant_9",
			"from": [2, 15, 7],
			"to": [3, 17, 9],
			"rotation": {"angle": 0, "axis": "y", "origin": [10, 13, 9]},
			"faces": {
				"north": {"uv": [7, 12, 8, 14], "texture": "#2"},
				"east": {"uv": [7, 12, 8, 14], "texture": "#2"},
				"south": {"uv": [8, 12, 7, 14], "texture": "#2"},
				"west": {"uv": [8, 12, 9, 14], "texture": "#2"},
				"up": {"uv": [7, 6, 8, 7], "rotation": 180, "texture": "#2"},
				"down": {"uv": [7, 15, 8, 16], "rotation": 180, "texture": "#2"}
			}
		},
		{
			"name": "twisting_vines_plant_10",
			"from": [2, 15, 7],
			"to": [2, 17, 8],
			"rotation": {"angle": 0, "axis": "y", "origin": [10, 13, 9]},
			"faces": {
				"north": {"uv": [8, 12, 8, 14], "texture": "#2"},
				"east": {"uv": [7.5, 12, 8, 14], "texture": "#2"},
				"south": {"uv": [8, 12, 8, 14], "texture": "#2"},
				"west": {"uv": [8, 12, 8.5, 14], "texture": "#2"},
				"up": {"uv": [8, 6.5, 8, 7], "rotation": 180, "texture": "#2"},
				"down": {"uv": [8, 15, 8, 15.5], "rotation": 180, "texture": "#2"}
			}
		},
		{
			"name": "twisting_vines_plant_12",
			"from": [1, 15, 7],
			"to": [2, 16, 9],
			"rotation": {"angle": 0, "axis": "y", "origin": [10, 13, 9]},
			"faces": {
				"north": {"uv": [8, 13, 9, 14], "texture": "#2"},
				"east": {"uv": [7, 13, 8, 14], "texture": "#2"},
				"south": {"uv": [9, 13, 8, 14], "texture": "#2"},
				"west": {"uv": [8, 13, 9, 14], "texture": "#2"},
				"up": {"uv": [8, 6, 9, 7], "rotation": 180, "texture": "#2"},
				"down": {"uv": [8, 15, 9, 16], "rotation": 180, "texture": "#2"}
			}
		},
		{
			"name": "twisting_vines_plant_13",
			"from": [1, 15, 8],
			"to": [1, 16, 9],
			"rotation": {"angle": 0, "axis": "y", "origin": [10, 13, 9]},
			"faces": {
				"north": {"uv": [9, 13, 9, 14], "texture": "#2"},
				"east": {"uv": [7, 13, 8, 14], "texture": "#2"},
				"south": {"uv": [9, 13, 9, 14], "texture": "#2"},
				"west": {"uv": [8, 13, 9, 14], "texture": "#2"},
				"up": {"uv": [9, 6, 9, 7], "rotation": 180, "texture": "#2"},
				"down": {"uv": [9, 15, 9, 16], "rotation": 180, "texture": "#2"}
			}
		},
		{
			"name": "twisting_vines_plant_11",
			"from": [1, 16, 7],
			"to": [2, 17, 9],
			"rotation": {"angle": 0, "axis": "y", "origin": [10, 13, 9]},
			"faces": {
				"north": {"uv": [8, 12, 9, 13], "texture": "#2"},
				"east": {"uv": [7, 12, 8, 13], "texture": "#2"},
				"south": {"uv": [9, 12, 8, 13], "texture": "#2"},
				"west": {"uv": [8, 12, 9, 13], "texture": "#2"},
				"up": {"uv": [8, 6, 9, 7], "rotation": 180, "texture": "#2"},
				"down": {"uv": [8, 15, 9, 16], "rotation": 180, "texture": "#2"}
			}
		},
		{
			"name": "twisting_vines_plant_4",
			"from": [0, 16, 7],
			"to": [1, 17, 9],
			"rotation": {"angle": 0, "axis": "y", "origin": [10, 13, 9]},
			"faces": {
				"north": {"uv": [9, 12, 10, 13], "texture": "#2"},
				"east": {"uv": [9, 12, 10, 13], "texture": "#2"},
				"south": {"uv": [10, 12, 9, 13], "texture": "#2"},
				"west": {"uv": [9, 12, 10, 13], "texture": "#2"},
				"up": {"uv": [9, 2, 10, 3], "rotation": 180, "texture": "#2"},
				"down": {"uv": [9, 12, 10, 13], "rotation": 180, "texture": "#2"}
			}
		},
		{
			"name": "twisting_vines_plant_10",
			"from": [1, 17, 7],
			"to": [2, 17, 9],
			"rotation": {"angle": 0, "axis": "y", "origin": [10, 13, 9]},
			"faces": {
				"north": {"uv": [8, 12, 9, 12], "texture": "#2"},
				"east": {"uv": [7, 12, 8, 12], "texture": "#2"},
				"south": {"uv": [9, 12, 8, 12], "texture": "#2"},
				"west": {"uv": [8, 12, 9, 12], "texture": "#2"},
				"up": {"uv": [8, 6, 9, 7], "rotation": 180, "texture": "#2"},
				"down": {"uv": [8, 15, 9, 16], "rotation": 180, "texture": "#2"}
			}
		},
		{
			"name": "twisting_vines_plant_11",
			"from": [1, 17, 7],
			"to": [2, 18, 9],
			"rotation": {"angle": 0, "axis": "y", "origin": [10, 13, 9]},
			"faces": {
				"north": {"uv": [8, 11, 9, 12], "texture": "#2"},
				"east": {"uv": [7, 11, 8, 12], "texture": "#2"},
				"south": {"uv": [9, 11, 8, 12], "texture": "#2"},
				"west": {"uv": [8, 11, 9, 12], "texture": "#2"},
				"up": {"uv": [8, 6, 9, 7], "rotation": 180, "texture": "#2"},
				"down": {"uv": [8, 15, 9, 16], "rotation": 180, "texture": "#2"}
			}
		},
		{
			"name": "twisting_vines_plant_12",
			"from": [1, 18, 6],
			"to": [2, 19, 10],
			"rotation": {"angle": 0, "axis": "y", "origin": [10, 13, 9]},
			"faces": {
				"north": {"uv": [8, 10, 9, 11], "texture": "#2"},
				"east": {"uv": [7, 10, 8, 11], "texture": "#2"},
				"south": {"uv": [9, 10, 8, 11], "texture": "#2"},
				"west": {"uv": [8, 10, 9, 11], "texture": "#2"},
				"up": {"uv": [8, 6, 9, 7], "rotation": 180, "texture": "#2"},
				"down": {"uv": [8, 15, 9, 16], "rotation": 180, "texture": "#2"}
			}
		},
		{
			"name": "twisting_vines_plant_13",
			"from": [1, 18, 7],
			"to": [1, 19, 9],
			"rotation": {"angle": 0, "axis": "y", "origin": [10, 13, 9]},
			"faces": {
				"north": {"uv": [9, 10, 9, 11], "texture": "#2"},
				"east": {"uv": [7, 10, 8, 11], "texture": "#2"},
				"south": {"uv": [9, 10, 9, 11], "texture": "#2"},
				"west": {"uv": [8, 10, 9, 11], "texture": "#2"},
				"up": {"uv": [9, 6, 9, 7], "rotation": 180, "texture": "#2"},
				"down": {"uv": [9, 15, 9, 16], "rotation": 180, "texture": "#2"}
			}
		},
		{
			"name": "twisting_vines_plant_9",
			"from": [2, 17, 6],
			"to": [3, 19, 10],
			"rotation": {"angle": 0, "axis": "y", "origin": [10, 13, 9]},
			"faces": {
				"north": {"uv": [7, 10, 8, 12], "texture": "#2"},
				"east": {"uv": [7, 10, 8, 12], "texture": "#2"},
				"south": {"uv": [8, 10, 7, 12], "texture": "#2"},
				"west": {"uv": [8, 10, 9, 12], "texture": "#2"},
				"up": {"uv": [7, 6, 8, 7], "rotation": 180, "texture": "#2"},
				"down": {"uv": [7, 15, 8, 16], "rotation": 180, "texture": "#2"}
			}
		},
		{
			"name": "twisting_vines_plant_10",
			"from": [2, 19, 7],
			"to": [3, 20, 9],
			"rotation": {"angle": 0, "axis": "y", "origin": [10, 13, 9]},
			"faces": {
				"north": {"uv": [7, 9, 8, 10], "texture": "#2"},
				"east": {"uv": [7, 9, 8, 10], "texture": "#2"},
				"south": {"uv": [8, 9, 7, 10], "texture": "#2"},
				"west": {"uv": [8, 9, 9, 10], "texture": "#2"},
				"up": {"uv": [7, 6, 8, 7], "rotation": 180, "texture": "#2"},
				"down": {"uv": [7, 15, 8, 16], "rotation": 180, "texture": "#2"}
			}
		},
		{
			"name": "twisting_vines_plant_11",
			"from": [2, 20, 7],
			"to": [3, 21, 9],
			"rotation": {"angle": 0, "axis": "y", "origin": [10, 13, 9]},
			"faces": {
				"north": {"uv": [7, 8, 8, 9], "texture": "#2"},
				"east": {"uv": [7, 8, 8, 9], "texture": "#2"},
				"south": {"uv": [8, 8, 7, 9], "texture": "#2"},
				"west": {"uv": [8, 8, 9, 9], "texture": "#2"},
				"up": {"uv": [7, 6, 8, 7], "rotation": 180, "texture": "#2"},
				"down": {"uv": [7, 15, 8, 16], "rotation": 180, "texture": "#2"}
			}
		},
		{
			"name": "twisting_vines_plant_4",
			"from": [0, 17, 7],
			"to": [1, 18, 9],
			"rotation": {"angle": 0, "axis": "y", "origin": [10, 13, 9]},
			"faces": {
				"north": {"uv": [9, 11, 10, 12], "texture": "#2"},
				"east": {"uv": [9, 11, 10, 12], "texture": "#2"},
				"south": {"uv": [10, 11, 9, 12], "texture": "#2"},
				"west": {"uv": [9, 11, 10, 12], "texture": "#2"},
				"up": {"uv": [9, 2, 10, 3], "rotation": 180, "texture": "#2"},
				"down": {"uv": [9, 12, 10, 13], "rotation": 180, "texture": "#2"}
			}
		},
		{
			"name": "twisting_vines_plant_5",
			"from": [0, 18, 7],
			"to": [1, 20, 9],
			"rotation": {"angle": 0, "axis": "y", "origin": [10, 13, 9]},
			"faces": {
				"north": {"uv": [9, 9, 10, 11], "texture": "#2"},
				"east": {"uv": [9, 9, 10, 11], "texture": "#2"},
				"south": {"uv": [10, 9, 9, 11], "texture": "#2"},
				"west": {"uv": [9, 9, 10, 11], "texture": "#2"},
				"up": {"uv": [9, 2, 10, 3], "rotation": 180, "texture": "#2"},
				"down": {"uv": [9, 12, 10, 13], "rotation": 180, "texture": "#2"}
			}
		},
		{
			"name": "twisting_vines_plant_6",
			"from": [0, 20, 6],
			"to": [1, 21, 10],
			"rotation": {"angle": 0, "axis": "y", "origin": [10, 13, 9]},
			"faces": {
				"north": {"uv": [9, 8, 10, 9], "texture": "#2"},
				"east": {"uv": [9, 8, 10, 9], "texture": "#2"},
				"south": {"uv": [10, 8, 9, 9], "texture": "#2"},
				"west": {"uv": [9, 8, 10, 9], "texture": "#2"},
				"up": {"uv": [9, 2, 10, 3], "rotation": 180, "texture": "#2"},
				"down": {"uv": [9, 12, 10, 13], "rotation": 180, "texture": "#2"}
			}
		},
		{
			"name": "twisting_vines_plant_7",
			"from": [0, 20, 7],
			"to": [0, 21, 9],
			"rotation": {"angle": 0, "axis": "y", "origin": [10, 13, 9]},
			"faces": {
				"north": {"uv": [10, 8, 10, 9], "texture": "#2"},
				"east": {"uv": [9, 8, 10, 9], "texture": "#2"},
				"south": {"uv": [10, 8, 10, 9], "texture": "#2"},
				"west": {"uv": [9, 8, 10, 9], "texture": "#2"},
				"up": {"uv": [10, 2, 10, 3], "rotation": 180, "texture": "#2"},
				"down": {"uv": [10, 12, 10, 13], "rotation": 180, "texture": "#2"}
			}
		},
		{
			"name": "twisting_vines_plant_11",
			"from": [1, 19, 6],
			"to": [2, 21, 10],
			"rotation": {"angle": 0, "axis": "y", "origin": [10, 13, 9]},
			"faces": {
				"north": {"uv": [8, 8, 9, 10], "texture": "#2"},
				"east": {"uv": [7, 8, 8, 10], "texture": "#2"},
				"south": {"uv": [9, 8, 8, 10], "texture": "#2"},
				"west": {"uv": [8, 8, 9, 10], "texture": "#2"},
				"up": {"uv": [8, 6, 9, 7], "rotation": 180, "texture": "#2"},
				"down": {"uv": [8, 15, 9, 16], "rotation": 180, "texture": "#2"}
			}
		},
		{
			"name": "twisting_vines_plant_9",
			"from": [2, 21, 7],
			"to": [3, 22, 9],
			"rotation": {"angle": 0, "axis": "y", "origin": [10, 13, 9]},
			"faces": {
				"north": {"uv": [7, 7, 8, 8], "texture": "#2"},
				"east": {"uv": [7, 7, 8, 8], "texture": "#2"},
				"south": {"uv": [8, 7, 7, 8], "texture": "#2"},
				"west": {"uv": [8, 7, 9, 8], "texture": "#2"},
				"up": {"uv": [7, 6, 8, 7], "rotation": 180, "texture": "#2"},
				"down": {"uv": [7, 15, 8, 16], "rotation": 180, "texture": "#2"}
			}
		},
		{
			"name": "twisting_vines_plant_10",
			"from": [2, 21, 6],
			"to": [2, 23, 9],
			"rotation": {"angle": 0, "axis": "y", "origin": [10, 13, 9]},
			"faces": {
				"north": {"uv": [8, 6, 8.5, 8], "texture": "#2"},
				"east": {"uv": [7, 6, 8, 8], "texture": "#2"},
				"south": {"uv": [8.5, 6, 8, 8], "texture": "#2"},
				"west": {"uv": [8, 6, 9, 8], "texture": "#2"},
				"up": {"uv": [8, 6, 8.5, 7], "rotation": 180, "texture": "#2"},
				"down": {"uv": [8, 15, 8.5, 16], "rotation": 180, "texture": "#2"}
			}
		},
		{
			"name": "twisting_vines_plant_11",
			"from": [1, 21, 6],
			"to": [2, 22, 10],
			"rotation": {"angle": 0, "axis": "y", "origin": [10, 13, 9]},
			"faces": {
				"north": {"uv": [8.5, 7, 9, 8], "texture": "#2"},
				"east": {"uv": [7, 7, 8, 8], "texture": "#2"},
				"south": {"uv": [9, 7, 8.5, 8], "texture": "#2"},
				"west": {"uv": [8, 7, 9, 8], "texture": "#2"},
				"up": {"uv": [8.5, 6, 9, 7], "rotation": 180, "texture": "#2"},
				"down": {"uv": [8.5, 15, 9, 16], "rotation": 180, "texture": "#2"}
			}
		},
		{
			"name": "twisting_vines_plant_12",
			"from": [1, 22, 7],
			"to": [2, 23, 9],
			"rotation": {"angle": 0, "axis": "y", "origin": [10, 13, 9]},
			"faces": {
				"north": {"uv": [8.5, 6, 9, 7], "texture": "#2"},
				"east": {"uv": [7, 6, 8, 7], "texture": "#2"},
				"south": {"uv": [9, 6, 8.5, 7], "texture": "#2"},
				"west": {"uv": [8, 6, 9, 7], "texture": "#2"},
				"up": {"uv": [8.5, 6, 9, 7], "rotation": 180, "texture": "#2"},
				"down": {"uv": [8.5, 15, 9, 16], "rotation": 180, "texture": "#2"}
			}
		},
		{
			"name": "twisting_vines_plant_10",
			"from": [2, 22, 7],
			"to": [3, 23, 9],
			"rotation": {"angle": 0, "axis": "y", "origin": [10, 13, 9]},
			"faces": {
				"north": {"uv": [7, 6, 8, 7], "texture": "#2"},
				"east": {"uv": [7, 6, 8, 7], "texture": "#2"},
				"south": {"uv": [8, 6, 7, 7], "texture": "#2"},
				"west": {"uv": [8, 6, 9, 7], "texture": "#2"},
				"up": {"uv": [7, 6, 8, 7], "rotation": 180, "texture": "#2"},
				"down": {"uv": [7, 15, 8, 16], "rotation": 180, "texture": "#2"}
			}
		},
		{
			"name": "twisting_vines_plant_11",
			"from": [1, 21, 6],
			"to": [1, 23, 9],
			"rotation": {"angle": 0, "axis": "y", "origin": [10, 13, 9]},
			"faces": {
				"north": {"uv": [9, 6, 9, 8], "texture": "#2"},
				"east": {"uv": [7, 6, 8, 8], "texture": "#2"},
				"south": {"uv": [9, 6, 9, 8], "texture": "#2"},
				"west": {"uv": [8, 6, 9, 8], "texture": "#2"},
				"up": {"uv": [9, 6, 9, 7], "rotation": 180, "texture": "#2"},
				"down": {"uv": [9, 15, 9, 16], "rotation": 180, "texture": "#2"}
			}
		},
		{
			"name": "twisting_vines_plant_10",
			"from": [3, 14, 7],
			"to": [3, 14, 9],
			"rotation": {"angle": 0, "axis": "y", "origin": [10, 13, 9]},
			"faces": {
				"north": {"uv": [7, 15, 7, 15], "texture": "#2"},
				"east": {"uv": [6, 15, 7, 15], "texture": "#2"},
				"south": {"uv": [7, 15, 7, 15], "texture": "#2"},
				"west": {"uv": [6, 15, 7, 15], "texture": "#2"},
				"up": {"uv": [7, 9, 7, 10], "rotation": 180, "texture": "#2"},
				"down": {"uv": [7, 15, 7, 16], "rotation": 180, "texture": "#2"}
			}
		},
		{
			"name": "twisting_vines_plant_10",
			"from": [3, 14, 7],
			"to": [3, 14, 9],
			"rotation": {"angle": 0, "axis": "y", "origin": [10, 13, 9]},
			"faces": {
				"north": {"uv": [7, 15, 7, 15], "texture": "#2"},
				"east": {"uv": [6, 15, 7, 15], "texture": "#2"},
				"south": {"uv": [7, 15, 7, 15], "texture": "#2"},
				"west": {"uv": [6, 15, 7, 15], "texture": "#2"},
				"up": {"uv": [7, 9, 7, 10], "rotation": 180, "texture": "#2"},
				"down": {"uv": [7, 15, 7, 16], "rotation": 180, "texture": "#2"}
			}
		},
		{
			"name": "twisting_vines_plant_10",
			"from": [3, 14, 7],
			"to": [3, 15, 9],
			"rotation": {"angle": 0, "axis": "y", "origin": [10, 13, 9]},
			"faces": {
				"north": {"uv": [7, 14, 7, 15], "texture": "#2"},
				"east": {"uv": [6, 14, 7, 15], "texture": "#2"},
				"south": {"uv": [7, 14, 7, 15], "texture": "#2"},
				"west": {"uv": [6, 14, 7, 15], "texture": "#2"},
				"up": {"uv": [7, 9, 7, 10], "rotation": 180, "texture": "#2"},
				"down": {"uv": [7, 15, 7, 16], "rotation": 180, "texture": "#2"}
			}
		},
		{
			"name": "twisting_vines_plant_11",
			"from": [3, 14, 7],
			"to": [4, 15, 9],
			"rotation": {"angle": 0, "axis": "y", "origin": [10, 13, 9]},
			"faces": {
				"north": {"uv": [6, 14, 7, 15], "texture": "#2"},
				"east": {"uv": [6, 14, 7, 15], "texture": "#2"},
				"south": {"uv": [7, 14, 6, 15], "texture": "#2"},
				"west": {"uv": [6, 14, 7, 15], "texture": "#2"},
				"up": {"uv": [6, 9, 7, 10], "rotation": 180, "texture": "#2"},
				"down": {"uv": [6, 15, 7, 16], "rotation": 180, "texture": "#2"}
			}
		},
		{
			"name": "twisting_vines_plant_10",
			"from": [3, 15, 7],
			"to": [4, 16, 9],
			"rotation": {"angle": 0, "axis": "y", "origin": [10, 13, 9]},
			"faces": {
				"north": {"uv": [6, 13, 7, 14], "texture": "#2"},
				"east": {"uv": [6, 13, 7, 14], "texture": "#2"},
				"south": {"uv": [7, 13, 6, 14], "texture": "#2"},
				"west": {"uv": [6, 13, 7, 14], "texture": "#2"},
				"up": {"uv": [6, 9, 7, 10], "rotation": 180, "texture": "#2"},
				"down": {"uv": [6, 15, 7, 16], "rotation": 180, "texture": "#2"}
			}
		},
		{
			"name": "twisting_vines_plant_10",
			"from": [3, 16, 6],
			"to": [3, 18, 10],
			"rotation": {"angle": 0, "axis": "y", "origin": [10, 13, 9]},
			"faces": {
				"north": {"uv": [7, 11, 7, 13], "texture": "#2"},
				"east": {"uv": [6, 11, 7, 13], "texture": "#2"},
				"south": {"uv": [7, 11, 7, 13], "texture": "#2"},
				"west": {"uv": [6, 11, 7, 13], "texture": "#2"},
				"up": {"uv": [7, 9, 7, 10], "rotation": 180, "texture": "#2"},
				"down": {"uv": [7, 15, 7, 16], "rotation": 180, "texture": "#2"}
			}
		},
		{
			"name": "twisting_vines_plant_11",
			"from": [3, 18, 7],
			"to": [4, 19, 9],
			"rotation": {"angle": 0, "axis": "y", "origin": [10, 13, 9]},
			"faces": {
				"north": {"uv": [6, 10, 7, 11], "texture": "#2"},
				"east": {"uv": [6, 10, 7, 11], "texture": "#2"},
				"south": {"uv": [7, 10, 6, 11], "texture": "#2"},
				"west": {"uv": [6, 10, 7, 11], "texture": "#2"},
				"up": {"uv": [6, 9, 7, 10], "rotation": 180, "texture": "#2"},
				"down": {"uv": [6, 15, 7, 16], "rotation": 180, "texture": "#2"}
			}
		},
		{
			"name": "twisting_vines_plant_11",
			"from": [3, 16, 6],
			"to": [4, 18, 10],
			"rotation": {"angle": 0, "axis": "y", "origin": [10, 13, 9]},
			"faces": {
				"north": {"uv": [6, 11, 7, 13], "texture": "#2"},
				"east": {"uv": [6, 11, 7, 13], "texture": "#2"},
				"south": {"uv": [7, 11, 6, 13], "texture": "#2"},
				"west": {"uv": [6, 11, 7, 13], "texture": "#2"},
				"up": {"uv": [6, 9, 7, 10], "rotation": 180, "texture": "#2"},
				"down": {"uv": [6, 15, 7, 16], "rotation": 180, "texture": "#2"}
			}
		},
		{
			"name": "twisting_vines_plant_10",
			"from": [3, 19, 7],
			"to": [4, 20, 9],
			"rotation": {"angle": 0, "axis": "y", "origin": [10, 13, 9]},
			"faces": {
				"north": {"uv": [6, 9, 7, 10], "texture": "#2"},
				"east": {"uv": [6, 9, 7, 10], "texture": "#2"},
				"south": {"uv": [7, 9, 6, 10], "texture": "#2"},
				"west": {"uv": [6, 9, 7, 10], "texture": "#2"},
				"up": {"uv": [6, 9, 7, 10], "rotation": 180, "texture": "#2"},
				"down": {"uv": [6, 15, 7, 16], "rotation": 180, "texture": "#2"}
			}
		},
		{
			"name": "twisting_vines_plant_10",
			"from": [6, 17, 6],
			"to": [7, 18, 10],
			"rotation": {"angle": 0, "axis": "y", "origin": [10, 13, 9]},
			"faces": {
				"north": {"uv": [3, 10, 4, 12], "texture": "#2"},
				"east": {"uv": [3, 10, 4, 12], "texture": "#2"},
				"south": {"uv": [4, 10, 3, 12], "texture": "#2"},
				"west": {"uv": [4, 10, 5, 12], "texture": "#2"},
				"up": {"uv": [3, 10, 4, 11], "rotation": 180, "texture": "#2"},
				"down": {"uv": [3, 11, 4, 12], "rotation": 180, "texture": "#2"}
			}
		},
		{
			"name": "twisting_vines_plant_11",
			"from": [5, 17, 7],
			"to": [6, 18, 9],
			"rotation": {"angle": 0, "axis": "y", "origin": [10, 13, 9]},
			"faces": {
				"north": {"uv": [4, 11, 5, 12], "texture": "#2"},
				"east": {"uv": [3, 11, 4, 12], "texture": "#2"},
				"south": {"uv": [5, 11, 4, 12], "texture": "#2"},
				"west": {"uv": [4, 11, 5, 12], "texture": "#2"},
				"up": {"uv": [4, 10, 5, 11], "rotation": 180, "texture": "#2"},
				"down": {"uv": [4, 11, 5, 12], "rotation": 180, "texture": "#2"}
			}
		},
		{
			"name": "twisting_vines_plant_12",
			"from": [5, 18, 6],
			"to": [6, 19, 10],
			"rotation": {"angle": 0, "axis": "y", "origin": [10, 13, 9]},
			"faces": {
				"north": {"uv": [4, 10, 5, 11], "texture": "#2"},
				"east": {"uv": [3, 10, 4, 11], "texture": "#2"},
				"south": {"uv": [5, 10, 4, 11], "texture": "#2"},
				"west": {"uv": [4, 10, 5, 11], "texture": "#2"},
				"up": {"uv": [4, 10, 5, 11], "rotation": 180, "texture": "#2"},
				"down": {"uv": [4, 11, 5, 12], "rotation": 180, "texture": "#2"}
			}
		},
		{
			"name": "twisting_vines_plant_12",
			"from": [4, 13, 7],
			"to": [5, 14, 9],
			"rotation": {"angle": 0, "axis": "y", "origin": [10, 13, 9]},
			"faces": {
				"north": {"uv": [5, 15, 6, 16], "texture": "#2"},
				"east": {"uv": [5, 15, 6, 16], "texture": "#2"},
				"south": {"uv": [6, 15, 5, 16], "texture": "#2"},
				"west": {"uv": [5, 15, 6, 16], "texture": "#2"},
				"up": {"uv": [5, 11, 6, 12], "rotation": 180, "texture": "#2"},
				"down": {"uv": [5, 15, 6, 16], "rotation": 180, "texture": "#2"}
			}
		},
		{
			"name": "twisting_vines_plant_13",
			"from": [4, 14, 9],
			"to": [5, 17, 10],
			"rotation": {"angle": 0, "axis": "y", "origin": [10, 13, 9]},
			"faces": {
				"north": {"uv": [5, 12, 6, 15], "texture": "#2"},
				"east": {"uv": [5, 12, 5.25, 15], "texture": "#2"},
				"south": {"uv": [6, 12, 5, 15], "texture": "#2"},
				"west": {"uv": [5.75, 12, 6, 15], "texture": "#2"},
				"up": {"uv": [5, 11, 6, 11.25], "rotation": 180, "texture": "#2"},
				"down": {"uv": [5, 15.75, 6, 16], "rotation": 180, "texture": "#2"}
			}
		},
		{
			"name": "twisting_vines_plant_13",
			"from": [4, 17, 7],
			"to": [5, 18, 9],
			"rotation": {"angle": 0, "axis": "y", "origin": [10, 13, 9]},
			"faces": {
				"north": {"uv": [5, 11, 6, 12], "texture": "#2"},
				"east": {"uv": [5, 11, 6, 12], "texture": "#2"},
				"south": {"uv": [6, 11, 5, 12], "texture": "#2"},
				"west": {"uv": [5, 11, 6, 12], "texture": "#2"},
				"up": {"uv": [5, 11, 6, 12], "rotation": 180, "texture": "#2"},
				"down": {"uv": [5, 15, 6, 16], "rotation": 180, "texture": "#2"}
			}
		},
		{
			"name": "twisting_vines_plant_13",
			"from": [5, 13, 7],
			"to": [6, 14, 9],
			"rotation": {"angle": 0, "axis": "y", "origin": [10, 13, 9]},
			"faces": {
				"north": {"uv": [4, 15, 5, 16], "texture": "#2"},
				"east": {"uv": [4, 15, 5, 16], "texture": "#2"},
				"south": {"uv": [5, 15, 4, 16], "texture": "#2"},
				"west": {"uv": [4, 15, 5, 16], "texture": "#2"},
				"up": {"uv": [4, 13, 5, 14], "rotation": 180, "texture": "#2"},
				"down": {"uv": [4, 15, 5, 16], "rotation": 180, "texture": "#2"}
			}
		},
		{
			"name": "twisting_vines_plant_14",
			"from": [5, 14, 6],
			"to": [5, 15, 10],
			"rotation": {"angle": 0, "axis": "y", "origin": [10, 13, 9]},
			"faces": {
				"north": {"uv": [5, 14, 5, 15], "texture": "#2"},
				"east": {"uv": [4, 14, 5, 15], "texture": "#2"},
				"south": {"uv": [5, 14, 5, 15], "texture": "#2"},
				"west": {"uv": [4, 14, 5, 15], "texture": "#2"},
				"up": {"uv": [5, 13, 5, 14], "rotation": 180, "texture": "#2"},
				"down": {"uv": [5, 15, 5, 16], "rotation": 180, "texture": "#2"}
			}
		},
		{
			"name": "twisting_vines_plant_15",
			"from": [5, 14, 6],
			"to": [6, 15, 10],
			"rotation": {"angle": 0, "axis": "y", "origin": [10, 13, 9]},
			"faces": {
				"north": {"uv": [4, 14, 5, 15], "texture": "#2"},
				"east": {"uv": [4, 14, 5, 15], "texture": "#2"},
				"south": {"uv": [5, 14, 4, 15], "texture": "#2"},
				"west": {"uv": [4, 14, 5, 15], "texture": "#2"},
				"up": {"uv": [4, 13, 5, 14], "rotation": 180, "texture": "#2"},
				"down": {"uv": [4, 15, 5, 16], "rotation": 180, "texture": "#2"}
			}
		},
		{
			"name": "twisting_vines_plant_15",
			"from": [5, 15, 7],
			"to": [6, 16, 9],
			"rotation": {"angle": 0, "axis": "y", "origin": [10, 13, 9]},
			"faces": {
				"north": {"uv": [4, 13, 5, 14], "texture": "#2"},
				"east": {"uv": [4, 13, 5, 14], "texture": "#2"},
				"south": {"uv": [5, 13, 4, 14], "texture": "#2"},
				"west": {"uv": [4, 13, 5, 14], "texture": "#2"},
				"up": {"uv": [4, 13, 5, 14], "rotation": 180, "texture": "#2"},
				"down": {"uv": [4, 15, 5, 16], "rotation": 180, "texture": "#2"}
			}
		},
		{
			"name": "twisting_vines_plant_15",
			"from": [4, 14, 7],
			"to": [5, 15, 8],
			"rotation": {"angle": 0, "axis": "y", "origin": [10, 13, 9]},
			"faces": {
				"north": {"uv": [5, 14, 6, 15], "texture": "#2"},
				"east": {"uv": [5.25, 14, 6, 15], "texture": "#2"},
				"south": {"uv": [6, 14, 5, 15], "texture": "#2"},
				"west": {"uv": [5, 14, 5.75, 15], "texture": "#2"},
				"up": {"uv": [5, 11.25, 6, 12], "rotation": 180, "texture": "#2"},
				"down": {"uv": [5, 15, 6, 15.75], "rotation": 180, "texture": "#2"}
			}
		},
		{
			"name": "twisting_vines_plant_15",
			"from": [4, 15, 6],
			"to": [5, 17, 9],
			"rotation": {"angle": 0, "axis": "y", "origin": [10, 13, 9]},
			"faces": {
				"north": {"uv": [5, 12, 6, 14], "texture": "#2"},
				"east": {"uv": [5.25, 12, 6, 14], "texture": "#2"},
				"south": {"uv": [6, 12, 5, 14], "texture": "#2"},
				"west": {"uv": [5, 12, 5.75, 14], "texture": "#2"},
				"up": {"uv": [5, 11.25, 6, 12], "rotation": 180, "texture": "#2"},
				"down": {"uv": [5, 15, 6, 15.75], "rotation": 180, "texture": "#2"}
			}
		}
	],
	"display": {
		"thirdperson_righthand": {
			"rotation": [97.58, 83.71, -90.8],
			"translation": [0.25, 6.5, 0]
		},
		"thirdperson_lefthand": {
			"rotation": [157.85, -84.7, 147.92],
			"translation": [0, 7.25, 0]
		},
		"firstperson_righthand": {
			"rotation": [-178.7, -78.95, -155.04],
			"translation": [-0.25, 2.5, -1]
		},
		"firstperson_lefthand": {
			"rotation": [175.71, -75.42, -129.62]
		},
		"ground": {
			"translation": [0, 4, 0]
		},
		"gui": {
			"translation": [2.5, -8.25, 0]
		},
		"head": {
			"rotation": [106.25, 89, 180],
			"translation": [0, 7, -7.5]
		},
		"fixed": {
			"translation": [2.25, -8.25, 0]
		}
	},
	"groups": [
		{
			"name": "twisting_vines_plant",
			"origin": [8, 8, 8],
			"color": 0,
			"children": [
				0,
				1,
				2,
				3,
				4,
				5,
				6,
				7,
				8,
				9,
				10,
				11,
				12,
				13,
				14,
				15,
				16,
				17,
				18,
				19,
				20,
				21,
				22,
				23,
				24,
				25,
				26,
				27,
				28,
				29,
				30,
				31,
				32,
				33,
				34,
				35,
				36,
				37,
				38,
				39,
				40,
				41,
				42,
				43,
				44,
				45,
				46,
				47,
				48,
				49,
				50,
				51,
				52,
				53,
				54,
				55,
				56,
				57,
				58,
				59,
				60,
				61,
				62,
				63,
				64,
				65,
				66,
				67,
				68,
				69,
				70,
				71,
				72,
				73,
				74,
				75,
				76
			]
		},
		{
			"name": "twisting_vines_plant",
			"origin": [8, 8, 8],
			"color": 0,
			"children": [
				77,
				78,
				79,
				80,
				81,
				82,
				83,
				84,
				85,
				86,
				87,
				88,
				89,
				90,
				91,
				92,
				93,
				94,
				95,
				96,
				97,
				98,
				99,
				100,
				101,
				102,
				103,
				104,
				105,
				106,
				107,
				108,
				109,
				110,
				111,
				112,
				113,
				114,
				115,
				116,
				117,
				118,
				119,
				120,
				121,
				122,
				123,
				124,
				125,
				126,
				127,
				128,
				129,
				130,
				131,
				132,
				133,
				134,
				135,
				136,
				137,
				138,
				139,
				140,
				141,
				142,
				143,
				144,
				145,
				146,
				147,
				148,
				149,
				150,
				151,
				152,
				153,
				154,
				155,
				156,
				157,
				158,
				159,
				160,
				161,
				162,
				163,
				164
			]
		}
	]
}